Plate_ID,Fun_ID,cont_ID,PH_ID,Plug_ID,opp_ID,r,K,01,02,03,04,05,06,07,08,09,10,mean_r,mean_K
CA501,C,0,5,cCA501,A,0.12260365662646588,4.1,1,0.976190476190476,1,1,0.976190476190476,0.9534883720930232,1,0.976190476190476,1,0.9318181818181817,1.3676715699443072,0.9813877982482633
CA501,A,0,5,aCA501,C,0.1793855656611654,3.5,1.0294117647058825,1.09375,0.6603773584905661,1.09375,0.625,0.6363636363636364,1.25,0.7777777777777778,0.875,NA,1.0941632949095215,0.8934922819264292
CA502,C,0,5,cCA502,A,0.2011797390542627,3.1,0.7560975609756099,0.7380952380952381,0.7560975609756099,0.7560975609756099,0.7380952380952381,0.7209302325581396,0.7560975609756099,0.7380952380952381,0.7560975609756099,0.7045454545454545,2.2442055736691184,0.7420249206267358
CA502,A,0,5,aCA502,C,0.21682513192351333,7.5,2.2058823529411766,2.34375,1.4150943396226416,2.34375,1.3392857142857144,1.3636363636363635,2.678571428571429,1.6666666666666667,1.875,NA,1.3225261457922464,1.9146263184137768
CA503,C,0,5,cCA503,A,0.1732867951399864,3.7,0.902439024390244,0.8809523809523809,0.902439024390244,0.902439024390244,0.8809523809523809,0.8604651162790699,0.902439024390244,0.8809523809523809,0.902439024390244,0.8409090909090908,1.9330534641538804,0.8856426471996524
CA503,A,0,5,aCA503,C,0.18800967459703433,6.4,1.8823529411764708,2,1.207547169811321,2,1.142857142857143,1.1636363636363638,2.285714285714286,1.4222222222222223,1.6,NA,1.1467660972261395,1.6338144583797563
CA504,C,0,5,cCA504,A,0.13732653608351378,3.5,0.853658536585366,0.8333333333333333,0.853658536585366,0.853658536585366,0.8333333333333333,0.813953488372093,0.853658536585366,0.8333333333333333,0.853658536585366,0.7954545454545454,1.531908626286514,0.8377700716753468
CA504,A,0,5,aCA504,C,0.20924705419645895,7.3,2.1470588235294117,2.28125,1.3773584905660377,2.28125,1.3035714285714286,1.3272727272727272,2.607142857142857,1.6222222222222222,1.825,NA,1.2763036168816646,1.8635696165894093
CA505,C,0,5,cCA505,A,0.13732653608351378,2.2,0.5365853658536587,0.5238095238095238,0.5365853658536587,0.5365853658536587,0.5238095238095238,0.5116279069767442,0.5365853658536587,0.5238095238095238,0.5365853658536587,0.5,1.531908626286514,0.526598330767361
CA505,A,0,5,aCA505,C,0.2204485740326699,7.6,2.235294117647059,2.3749999999999996,1.4339622641509433,2.3749999999999996,1.3571428571428572,1.3818181818181818,2.7142857142857144,1.6888888888888889,1.9,NA,1.3446273518868175,1.9401546693259604
CA506,C,0,5,cCA506,A,0.13732653608351378,3.8,0.926829268292683,0.9047619047619047,0.926829268292683,0.926829268292683,0.9047619047619047,0.8837209302325582,0.926829268292683,0.9047619047619047,0.926829268292683,0.8636363636363635,1.531908626286514,0.9095789349618051
CA506,A,0,5,aCA506,C,0.19607698973923063,5.5,1.6176470588235294,1.71875,1.0377358490566038,1.71875,0.9821428571428572,1,1.9642857142857144,1.2222222222222223,1.375,NA,1.1959727325790188,1.404059300170103
CA507,C,0,5,cCA507,A,0.12260365662646588,4.3,1.048780487804878,1.0238095238095237,1.048780487804878,1.048780487804878,1.0238095238095237,1,1.048780487804878,1.0238095238095237,1.048780487804878,0.9772727272727272,1.3676715699443072,1.029260373772569
CA507,A,0,5,aCA507,C,0.1473318745427058,4.3,1.2647058823529411,1.3437499999999998,0.8113207547169812,1.3437499999999998,0.7678571428571429,0.7818181818181817,1.5357142857142858,0.9555555555555555,1.075,NA,0.8986516206066294,1.0977190892238986
CA508,C,0,5,cCA508,A,0.18800967459703433,4.5,1.0975609756097562,1.0714285714285714,1.0975609756097562,1.0975609756097562,1.0714285714285714,1.0465116279069768,1.0975609756097562,1.0714285714285714,1.0975609756097562,1.0227272727272727,2.0972905204960877,1.0771329492968744
CA508,A,0,5,aCA508,C,0.16687513334154253,3.8,1.1176470588235294,1.1874999999999998,0.71698113207547165,1.1874999999999998,0.6785714285714286,0.6909090909090909,1.3571428571428572,0.8444444444444444,0.95,NA,1.0178558406440164,0.9700773346629802
CA509,C,0,5,cCA509,A,0.13732653608351383,5,1.2195121951219514,1.1904761904761905,1.2195121951219514,1.2195121951219514,1.1904761904761905,1.1627906976744187,1.2195121951219514,1.1904761904761905,1.2195121951219514,1.1363636363636362,1.5319086262865147,1.1968143881076383
CA509,A,0,5,aCA509,C,0.1808648728670407,3.1,0.911764705882353,0.96875,0.5849056603773585,0.96875,0.5535714285714286,0.5636363636363636,1.1071428571428572,0.6888888888888889,0.775,NA,1.1031863377647155,0.7913788782776944
CA510,C,0,5,cCA510,A,0.13732653608351383,4.3,1.048780487804878,1.0238095238095237,1.048780487804878,1.048780487804878,1.0238095238095237,1,1.048780487804878,1.0238095238095237,1.048780487804878,0.9772727272727272,1.5319086262865147,1.029260373772569
CA510,A,0,5,aCA510,C,0.16241037301628267,5.2,1.5294117647058825,1.625,0.9811320754716982,1.625,0.9285714285714287,0.9454545454545454,1.8571428571428574,1.1555555555555557,1.3,NA,0.9906230092260467,1.327474247433552
CA701,C,0,7,cCA701,A,0.21309351152980333,4.4,0.7857142857142858,0.7586206896551725,0.7096774193548387,0.7719298245614036,0.8800000000000001,0.8,0.8461538461538461,0.7719298245614036,0.8301886792452832,0.7333333333333334,1.522362077770746,0.7887547902579567
CA701,A,0,7,aCA701,C,0.18600963192872916,13,2.096774193548387,2.241379310344828,5.2,1.9696969696969697,1.8309859154929577,4.193548387096774,3.25,2.4074074074074074,1.8840579710144927,2.1311475409836067,1.232283491901576,2.7204997695585424
CA702,C,0,7,cCA702,A,0.24323876863191415,4.3,0.7678571428571429,0.7413793103448276,0.6935483870967741,0.7543859649122806,0.86,0.7818181818181817,0.8269230769230769,0.7543859649122806,0.8113207547169812,0.7166666666666667,1.7377229111787793,0.7708285450248212
CA702,A,0,7,aCA702,C,0.21787116313232793,16.1,2.5967741935483875,2.775862068965518,6.44,2.43939393939394,2.2676056338028174,5.193548387096775,4.025,2.9814814814814814,2.3333333333333335,2.6393442622950825,1.4433609426861966,3.3692343299917336
CA703,C,0,7,cCA703,A,0.18329213359917845,5,0.8928571428571429,0.8620689655172414,0.8064516129032258,0.8771929824561403,1,0.9090909090909091,0.9615384615384615,0.8771929824561403,0.9433962264150944,0.8333333333333334,1.3094579527169334,0.8963122616567689
CA703,A,0,7,aCA703,C,0.17938556566116537,11.1,1.7903225806451613,1.9137931034482758,4.4399999999999995,1.6818181818181819,1.563380281690141,3.5806451612903225,2.775,2.0555555555555554,1.6086956521739129,1.819672131147541,1.1884001326037705,2.322888264776909
CA704,C,0,7,cCA704,A,0.18329213359917848,3.9,0.6964285714285715,0.6724137931034483,0.6290322580645161,0.6842105263157895,0.78,0.7090909090909091,0.75,0.6842105263157895,0.7358490566037736,0.65,1.3094579527169334,0.6991235640922797
CA704,A,0,7,aCA704,C,0.1960769897392307,11.3,1.8225806451612905,1.9482758620689657,4.5200000000000005,1.7121212121212124,1.591549295774648,3.645161290322581,2.825,2.0925925925925926,1.6376811594202898,1.852459016393443,1.2989780964137811,2.3647421073855024
CA705,C,0,7,cCA705,A,0.2239699336535069,3.6,0.6428571428571429,0.6206896551724138,0.5806451612903226,0.631578947368421,0.72,0.6545454545454545,0.6923076923076923,0.631578947368421,0.679245283018868,0.6,1.6000643619186015,0.6453448283928737
CA705,A,0,7,aCA705,C,0.16687513334154255,5.5,0.8870967741935484,0.9482758620689655,2.2,0.8333333333333334,0.7746478873239437,1.7741935483870968,1.375,1.0185185185185184,0.7971014492753623,0.9016393442622951,1.1055205576905207,1.1509806717363065
CA706,C,0,7,cCA706,A,0.1732867951399864,3.8,0.6785714285714286,0.6551724137931034,0.6129032258064515,0.6666666666666666,0.76,0.6909090909090909,0.7307692307692307,0.6666666666666666,0.71698113207547165,0.6333333333333333,1.2379787803283135,0.6811973188591444
CA706,A,0,7,aCA706,C,0.19075703793688115,6.4,1.032258064516129,1.103448275862069,2.56,0.9696969696969698,0.9014084507042255,2.064516129032258,1.6,1.1851851851851851,0.927536231884058,1.0491803278688525,1.263734282876968,1.3393229634749746
CA707,C,0,7,cCA707,A,0.1504966005407421,2.9,0.5178571428571429,0.5,0.46774193548387094,0.5087719298245613,0.58,0.5272727272727272,0.5576923076923077,0.5087719298245613,0.5471698113207547,0.48333333333333334,1.0751632738690624,0.519861111760926
CA707,A,0,7,aCA707,C,0.19255563011839363,11.6,1.8709677419354838,2,4.64,1.7575757575757576,1.6338028169014085,3.7419354838709675,2.9,2.148148148148148,1.681159420289855,1.9016393442622952,1.2756496629084186,2.4275228712983914
CA708,C,0,7,cCA708,A,0.1925556301183937,3.5,0.625,0.603448275862069,0.564516129032258,0.6140350877192983,0.7,0.6363636363636364,0.673076923076923,0.6140350877192983,0.6603773584905661,0.5833333333333334,1.3756373295884914,0.6274185831597382
CA708,A,0,7,aCA708,C,0.2239699336535069,10.1,1.629032258064516,1.7413793103448276,4.04,1.5303030303030303,1.4225352112676057,3.258064516129032,2.525,1.8703703703703702,1.4637681159420288,1.6557377049180328,1.4837643032875678,2.113619051733944
CA709,C,0,7,cCA709,A,0.1732867951399864,4,0.7142857142857143,0.6896551724137931,0.6451612903225806,0.7017543859649122,0.8,0.7272727272727273,0.7692307692307692,0.7017543859649122,0.7547169811320755,0.6666666666666666,1.2379787803283135,0.7170498093254152
CA709,A,0,7,aCA709,C,0.20608232819842276,11.7,1.8870967741935483,2.0172413793103448,4.68,1.7727272727272727,1.647887323943662,3.7741935483870965,2.925,2.1666666666666665,1.6956521739130432,1.9180327868852458,1.365261832832734,2.448449792602688
CH501,C,0,5,cCH501,H,0.12645011395981,6.1,1.4878048780487805,1.4523809523809523,1.4878048780487805,1.4878048780487805,1.4523809523809523,1.4186046511627908,1.4878048780487805,1.4523809523809523,1.4878048780487805,1.3863636363636362,1.4105796730512659,1.4601135534913185
CH501,H,0,5,hCH501,C,0.07433838846833657,5.3,1.2325581395348837,1.325,1.0392156862745099,1.7096774193548385,1.2325581395348837,1.472222222222222,1.1521739130434783,1.1521739130434783,0.9636363636363636,1.2325581395348837,0.706186460078681,1.2511773936179542
CH502,C,0,5,cCH502,H,0.12645011395981,5.8,1.4146341463414636,1.380952380952381,1.4146341463414636,1.4146341463414636,1.380952380952381,1.3488372093023255,1.4146341463414636,1.380952380952381,1.4146341463414636,1.3181818181818181,1.4105796730512659,1.3883046902048604
CH502,H,0,5,hCH502,C,0.0921998678913474,4.5,1.0465116279069768,1.125,0.8823529411764707,1.4516129032258065,1.0465116279069768,1.25,0.9782608695652175,0.9782608695652175,0.8181818181818182,1.0465116279069768,0.8758637316121739,1.0623204285435461
CH503,C,0,5,cCH503,H,0.13732653608351375,6.6,1.6097560975609757,1.5714285714285712,1.6097560975609757,1.6097560975609757,1.5714285714285712,1.5348837209302326,1.6097560975609757,1.5714285714285712,1.6097560975609757,1.4999999999999998,1.5319086262865138,1.5797949923020824
CH503,H,0,5,hCH503,C,0.09102981254640193,4.7,1.0930232558139537,1.175,0.9215686274509804,1.5161290322580645,1.0930232558139537,1.3055555555555556,1.0217391304347827,1.0217391304347827,0.8545454545454546,1.0930232558139537,0.8647486501694933,1.1095346698121482
CH504,C,0,5,cCH504,H,0.1504966005407421,5.7,1.3902439024390245,1.3571428571428572,1.3902439024390245,1.3902439024390245,1.3571428571428572,1.3255813953488373,1.3902439024390245,1.3571428571428572,1.3902439024390245,1.2954545454545454,1.6788236794595444,1.3643684024427076
CH504,H,0,5,hCH504,C,0.09136093856784906,5.1,1.1860465116279069,1.275,1,1.6451612903225805,1.1860465116279069,1.4166666666666665,1.108695652173913,1.108695652173913,0.9272727272727272,1.1860465116279069,0.8678942216264975,1.2039631523493521
CH505,C,0,5,cCH505,H,0.1504966005407421,5.7,1.3902439024390245,1.3571428571428572,1.3902439024390245,1.3902439024390245,1.3571428571428572,1.3255813953488373,1.3902439024390245,1.3571428571428572,1.3902439024390245,1.2954545454545454,1.6788236794595444,1.3643684024427076
CH505,H,0,5,hCH505,C,0.11453634148426942,4.1,0.9534883720930232,1.025,0.803921568627451,1.3225806451612903,0.9534883720930232,1.1388888888888888,0.8913043478260869,0.8913043478260869,0.7454545454545454,0.9534883720930232,1.0880517483586647,0.9678919460063419
CH506,C,0,5,cCH506,H,0.1504966005407421,5.6,1.3658536585365855,1.3333333333333333,1.3658536585365855,1.3658536585365855,1.3333333333333333,1.3023255813953487,1.3658536585365855,1.3333333333333333,1.3658536585365855,1.2727272727272725,1.6788236794595444,1.340432114680555
CH506,H,0,5,hCH506,C,0.08023173577154935,4.1,0.9534883720930232,1.025,0.803921568627451,1.3225806451612903,0.9534883720930232,1.1388888888888888,0.8913043478260869,0.8913043478260869,0.7454545454545454,0.9534883720930232,0.76217102143143,0.9678919460063419
CH507,C,0,5,cCH507,H,0.1624103730162827,5.6,1.3658536585365855,1.3333333333333333,1.3658536585365855,1.3658536585365855,1.3333333333333333,1.3023255813953487,1.3658536585365855,1.3333333333333333,1.3658536585365855,1.2727272727272725,1.8117245109186326,1.340432114680555
CH507,H,0,5,hCH507,C,0.1102986475248092,5.9,1.3720930232558142,1.475,1.1568627450980393,1.903225806451613,1.3720930232558142,1.6388888888888888,1.282608695652174,1.282608695652174,1.0727272727272728,1.3720930232558142,1.047795265029023,1.3928201174237604
CH510,C,0,5,cCH510,H,0.13732653608351375,7.4,1.804878048780488,1.7619047619047619,1.804878048780488,1.804878048780488,1.7619047619047619,1.7209302325581397,1.804878048780488,1.7619047619047619,1.804878048780488,1.6818181818181817,1.5319086262865138,1.7712852943993047
CH510,H,0,5,hCH510,C,0.08664339756999317,5.5,1.2790697674418605,1.375,1.0784313725490198,1.7741935483870968,1.2790697674418605,1.5277777777777777,1.1956521739130437,1.1956521739130437,1,1.2790697674418605,0.823079373656382,1.2983916348865563
CH701,C,0,7,cCH701,H,0.14539385122571014,3,0.5357142857142857,0.5172413793103449,0.48387096774193544,0.5263157894736842,0.6,0.5454545454545454,0.5769230769230769,0.5263157894736842,0.5660377358490566,0.5,1.038708705197276,0.5377873569940613
CH701,H,0,7,hCH701,C,0.1668751333415425,19.9,1.7927927927927927,1.8598130841121496,1.9899999999999998,1.9509803921568627,1.7767857142857142,1.8425925925925923,1.8425925925925923,1.8773584905660377,1.9509803921568627,1.8090909090909089,0.6715057308171137,1.8692986960346514
CH702,C,0,7,cCH702,H,0.14733187454270583,2.8,0.5,0.48275862068965514,0.4516129032258064,0.49122807017543857,0.5599999999999999,0.509090909090909,0.5384615384615384,0.49122807017543857,0.5283018867924528,0.4666666666666666,1.0525541441430653,0.5019348665277905
CH702,H,0,7,hCH702,C,0.14887320109989047,19.9,1.7927927927927927,1.8598130841121496,1.9899999999999998,1.9509803921568627,1.7767857142857142,1.8425925925925923,1.8425925925925923,1.8773584905660377,1.9509803921568627,1.8090909090909089,0.5990659345215839,1.8692986960346514
CH704,C,0,7,cCH704,H,0.14733187454270583,2.6,0.46428571428571436,0.4482758620689655,0.41935483870967744,0.45614035087719296,0.52,0.4727272727272727,0.5,0.45614035087719296,0.4905660377358491,0.43333333333333335,1.0525541441430653,0.46608237606151987
CH704,H,0,7,hCH704,C,0.16664806697574278,20,1.8018018018018018,1.869158878504673,2,1.9607843137254903,1.7857142857142858,1.8518518518518516,1.8518518518518516,1.8867924528301887,1.9607843137254903,1.8181818181818181,0.6705920154968193,1.8786921568187451
CH705,C,0,7,cCH705,H,0.16241037301628267,2,0.35714285714285715,0.3448275862068966,0.3225806451612903,0.3508771929824561,0.4,0.36363636363636365,0.3846153846153846,0.3508771929824561,0.37735849056603776,0.3333333333333333,1.1602764961804568,0.3585249046627076
CH705,H,0,7,hCH705,C,0.1732867951399863,20.2,1.8198198198198199,1.8878504672897196,2.02,1.9803921568627452,1.8035714285714286,1.8703703703703702,1.8703703703703702,1.9056603773584906,1.9803921568627452,1.8363636363636362,0.6973062653575367,1.8974790783869326
CH706,C,0,7,cCH706,H,0.10943359216923752,3,0.5357142857142857,0.5172413793103449,0.48387096774193544,0.5263157894736842,0.6,0.5454545454545454,0.5769230769230769,0.5263157894736842,0.5660377358490566,0.5,0.781804896623408,0.5377873569940613
CH706,H,0,7,hCH706,C,0.1697654355191492,19.1,1.720720720720721,1.785046728971963,1.9100000000000001,1.8725490196078434,1.705357142857143,1.7685185185185186,1.7685185185185186,1.8018867924528303,1.8725490196078434,1.7363636363636366,0.6831363101442549,1.7941510097619018
CH707,C,0,7,cCH707,H,0.10136627702704114,2.2,0.3928571428571429,0.37931034482758624,0.3548387096774194,0.3859649122807018,0.44000000000000006,0.4,0.4230769230769231,0.3859649122807018,0.4150943396226416,0.3666666666666667,0.7241711631805772,0.39437739512897835
CH707,H,0,7,hCH707,C,0.17448297651700506,19,1.7117117117117118,1.7757009345794394,1.9,1.8627450980392157,1.6964285714285716,1.759259259259259,1.759259259259259,1.7924528301886793,1.8627450980392157,1.7272727272727273,0.7021197006110734,1.7847575489778078
CH708,C,0,7,cCH708,H,0.12260365662646588,1.7,0.3035714285714286,0.29310344827586204,0.27419354838709675,0.2982456140350877,0.33999999999999997,0.3090909090909091,0.3269230769230769,0.2982456140350877,0.32075471698113206,0.2833333333333333,0.8758931987380253,0.3047461689633014
CH708,H,0,7,hCH708,C,0.1643544246422182,20.5,1.8468468468468469,1.9158878504672898,2.05,2.0098039215686274,1.830357142857143,1.898148148148148,1.898148148148148,1.9339622641509435,2.0098039215686274,1.8636363636363635,0.6613623960768056,1.9256594607392137
CH709,C,0,7,cCH709,H,0.18329213359917845,2.8,0.5,0.48275862068965514,0.4516129032258064,0.49122807017543857,0.5599999999999999,0.509090909090909,0.5384615384615384,0.49122807017543857,0.5283018867924528,0.4666666666666666,1.3094579527169334,0.5019348665277905
CH709,H,0,7,hCH709,C,0.16281555975680398,19.5,1.7567567567567568,1.8224299065420562,1.95,1.911764705882353,1.7410714285714286,1.8055555555555554,1.8055555555555554,1.839622641509434,1.911764705882353,1.7727272727272727,0.6551700019865854,1.8317248528982766
CH710,C,0,7,cCH710,H,0.13732653608351378,3.2,0.5714285714285715,0.5517241379310345,0.5161290322580645,0.5614035087719298,0.64,0.5818181818181819,0.6153846153846154,0.5614035087719298,0.6037735849056605,0.5333333333333333,0.9810749717544454,0.5736398474603321
CH710,H,0,7,hCH710,C,0.1697654355191492,19.1,1.720720720720721,1.785046728971963,1.9100000000000001,1.8725490196078434,1.705357142857143,1.7685185185185186,1.7685185185185186,1.8018867924528303,1.8725490196078434,1.7363636363636366,0.6831363101442549,1.7941510097619018
CL503,C,0,5,cCL503,L,0.1732867951399864,8.8,2.1463414634146347,2.0952380952380953,2.1463414634146347,2.1463414634146347,2.0952380952380953,2.046511627906977,2.1463414634146347,2.0952380952380953,2.1463414634146347,2,1.9330534641538804,2.106393323069444
CL503,L,0,5,lCL503,C,0.13200658428116424,5,0.9803921568627452,1.1363636363636362,1,1.0869565217391306,0.9615384615384615,1.2195121951219514,0.9803921568627452,1.0869565217391306,1,0.9090909090909091,0.6606472467455146,1.036120255931871
CL504,C,0,5,cCL504,L,0.1624103730162827,8.8,2.1463414634146347,2.0952380952380953,2.1463414634146347,2.1463414634146347,2.0952380952380953,2.046511627906977,2.1463414634146347,2.0952380952380953,2.1463414634146347,2,1.8117245109186326,2.106393323069444
CL504,L,0,5,lCL504,C,0.1473318745427058,5.8,1.1372549019607843,1.3181818181818181,1.16,1.2608695652173914,1.1153846153846154,1.4146341463414636,1.1372549019607843,1.2608695652173914,1.16,1.0545454545454545,0.7373450180877273,1.2018994968809702
CL506,C,0,5,cCL506,L,0.1504966005407421,8.1,1.975609756097561,1.9285714285714284,1.975609756097561,1.975609756097561,1.9285714285714284,1.8837209302325582,1.975609756097561,1.9285714285714284,1.975609756097561,1.8409090909090906,1.6788236794595444,1.9388393087343738
CL506,L,0,5,lCL506,C,0.12645011395981,5.5,1.0784313725490198,1.25,1.1,1.1956521739130437,1.0576923076923077,1.3414634146341464,1.0784313725490198,1.1956521739130437,1.1,1,0.6328390367276933,1.1397322815250581
CL508,C,0,5,cCL508,L,0.1473318745427058,9.3,2.2682926829268295,2.2142857142857144,2.2682926829268295,2.2682926829268295,2.2142857142857144,2.162790697674419,2.2682926829268295,2.2142857142857144,2.2682926829268295,2.1136363636363638,1.6435204438687427,2.2260747618802075
CL508,L,0,5,lCL508,C,0.16796684333763684,5.4,1.058823529411765,1.2272727272727273,1.08,1.173913043478261,1.0384615384615385,1.3170731707317076,1.058823529411765,1.173913043478261,1.08,0.9818181818181819,0.8406158920012188,1.1190098764064207
CL702,C,0,7,cCL702,L,0.1732867951399864,6.2,1.1071428571428572,1.0689655172413794,1,1.087719298245614,1.24,1.1272727272727272,1.1923076923076923,1.087719298245614,1.169811320754717,1.0333333333333334,1.2379787803283135,1.1114272044543934
CL702,L,0,7,lCL702,C,0.12063511200544838,13.1,1.6794871794871795,1.4719101123595504,1.6794871794871795,1.4719101123595504,1.5595238095238093,1.6375,1.6794871794871795,1.6375,1.578313253012048,1.6794871794871795,0.5462693260267003,1.6074606005203675
CL703,C,0,7,cCL703,L,0.15659537106192103,5.8,1.0357142857142858,1,0.9354838709677419,1.0175438596491226,1.16,1.0545454545454545,1.1153846153846154,1.0175438596491226,1.0943396226415094,0.9666666666666667,1.1187335210146232,1.039722223521852
CL703,L,0,7,lCL703,C,0.14242928539854563,12.4,1.5897435897435899,1.3932584269662922,1.5897435897435899,1.3932584269662922,1.4761904761904763,1.55,1.5897435897435899,1.55,1.4939759036144578,1.5897435897435899,0.6449594023472542,1.5215657592711878
CL704,C,0,7,cCL704,L,0.15659537106192106,4.8,0.8571428571428572,0.8275862068965517,0.7741935483870968,0.8421052631578947,0.96,0.8727272727272727,0.923076923076923,0.8421052631578947,0.9056603773584906,0.7999999999999999,1.1187335210146234,0.8604597711904981
CL704,L,0,7,lCL704,C,0.11172723450276208,11.6,1.4871794871794872,1.3033707865168538,1.4871794871794872,1.3033707865168538,1.380952380952381,1.45,1.4871794871794872,1.45,1.397590361445783,1.4871794871794872,0.5059319801343942,1.423400226414982
CL705,C,0,7,cCL705,L,0.2011797390542627,6.3,1.125,1.0862068965517242,1.0161290322580645,1.1052631578947367,1.26,1.1454545454545455,1.2115384615384615,1.1052631578947367,1.1886792452830188,1.05,1.4372488554593512,1.1293534496875288
CL705,L,0,7,lCL705,C,0.16098178603832977,12.2,1.564102564102564,1.3707865168539324,1.564102564102564,1.3707865168539324,1.4523809523809523,1.525,1.564102564102564,1.525,1.469879518072289,1.564102564102564,0.7289702831938446,1.4970243760571362
CL706,C,0,7,cCL706,L,0.1925556301183937,6.5,1.1607142857142858,1.120689655172414,1.0483870967741935,1.1403508771929824,1.3,1.1818181818181819,1.25,1.1403508771929824,1.2264150943396226,1.0833333333333333,1.3756373295884914,1.1652059401537995
CL706,L,0,7,lCL706,C,0.1732867951399863,12.6,1.6153846153846154,1.4157303370786516,1.6153846153846154,1.4157303370786516,1.5,1.575,1.6153846153846154,1.575,1.5180722891566263,1.6153846153846154,0.784690785433779,1.546107142485239
CL707,C,0,7,cCL707,L,0.17328679513998635,5.5,0.9821428571428572,0.9482758620689655,0.8870967741935484,0.9649122807017544,1.1,1,1.0576923076923077,0.9649122807017544,1.0377358490566038,0.9166666666666666,1.237978780328313,0.9859434878224458
CL707,L,0,7,lCL707,C,0.17838954445501828,12.8,1.6410256410256412,1.4382022471910112,1.6410256410256412,1.4382022471910112,1.5238095238095237,1.6,1.6410256410256412,1.6,1.542168674698795,1.6410256410256412,0.8077974529940481,1.5706485256992906
CL708,C,0,7,cCL708,L,0.12645011395981004,5,0.8928571428571429,0.8620689655172414,0.8064516129032258,0.8771929824561403,1,0.9090909090909091,0.9615384615384615,0.8771929824561403,0.9433962264150944,0.8333333333333334,0.9033726876065887,0.8963122616567689
CL708,L,0,7,lCL708,C,0.12770640594149768,13.8,1.7692307692307694,1.550561797752809,1.7692307692307694,1.550561797752809,1.6428571428571428,1.725,1.7692307692307694,1.725,1.6626506024096386,1.7692307692307694,0.5782901109239521,1.6933554417695478
CL709,C,0,7,cCL709,L,0.17328679513998638,6.4,1.142857142857143,1.103448275862069,1.032258064516129,1.1228070175438596,1.28,1.1636363636363638,1.2307692307692308,1.1228070175438596,1.207547169811321,1.0666666666666667,1.2379787803283133,1.1472796949206643
CL709,L,0,7,lCL709,C,0.16098178603832977,12.6,1.6153846153846154,1.4157303370786516,1.6153846153846154,1.4157303370786516,1.5,1.575,1.6153846153846154,1.575,1.5180722891566263,1.6153846153846154,0.7289702831938446,1.546107142485239
CL710,C,0,7,cCL710,L,0.20924705419645903,4.7,0.8392857142857144,0.810344827586207,0.7580645161290323,0.8245614035087719,0.9400000000000001,0.8545454545454546,0.9038461538461539,0.8245614035087719,0.8867924528301887,0.7833333333333333,1.4948825889021815,0.84253352595736275
CL710,L,0,7,lCL710,C,0.1373265360835137,13.3,1.7051282051282053,1.4943820224719102,1.7051282051282053,1.4943820224719102,1.5833333333333333,1.6625,1.7051282051282053,1.6625,1.6024096385542168,1.7051282051282053,0.6218527347869853,1.632001983734419
CP502,C,0,5,cCP502,P,0.13732653608351378,1.8,0.4390243902439025,0.42857142857142855,0.4390243902439025,0.4390243902439025,0.42857142857142855,0.4186046511627907,0.4390243902439025,0.42857142857142855,0.4390243902439025,0.40909090909090906,1.531908626286514,0.4308531797187498
CP502,P,0,5,pCP502,C,0.2718439651855201,14.4,1.4845360824742269,1.5824175824175826,1.5319148936170213,1.3846153846153846,2.028169014084507,1.3714285714285714,1.565217391304348,1.6551724137931036,1.3980582524271845,1.4845360824742269,1.121099984171294,1.5486065668636158
CP503,C,0,5,cCP503,P,0.12260365662646588,3.7,0.902439024390244,0.8809523809523809,0.902439024390244,0.902439024390244,0.8809523809523809,0.8604651162790699,0.902439024390244,0.8809523809523809,0.902439024390244,0.8409090909090908,1.3676715699443072,0.8856426471996524
CP503,P,0,5,pCP503,C,0.2660289632311586,16.8,1.7319587628865982,1.8461538461538463,1.7872340425531914,1.6153846153846154,2.366197183098592,1.6,1.8260869565217392,1.931034482758621,1.6310679611650485,1.7319587628865982,1.0971185851560845,1.806707661340885
CP504,C,0,5,cCP504,P,0.10591223254840051,2.5,0.6097560975609757,0.5952380952380952,0.6097560975609757,0.6097560975609757,0.5952380952380952,0.5813953488372093,0.6097560975609757,0.5952380952380952,0.6097560975609757,0.5681818181818181,1.1814749523099353,0.5984071940538191
CP504,P,0,5,pCP504,C,0.2084633525697595,17.3,1.7835051546391754,1.9010989010989012,1.8404255319148937,1.6634615384615385,2.4366197183098595,1.6476190476190478,1.8804347826086958,1.9885057471264371,1.6796116504854368,1.7835051546391754,0.8597147304953336,1.8604787226903161
CP505,C,0,5,cCP505,P,0.10591223254840051,2.9,0.7073170731707318,0.6904761904761905,0.7073170731707318,0.7073170731707318,0.6904761904761905,0.6744186046511628,0.7073170731707318,0.6904761904761905,0.7073170731707318,0.6590909090909091,1.1814749523099353,0.6941523451024302
CP505,P,0,5,pCP505,C,0.24576410704660415,18.9,1.9484536082474226,2.0769230769230766,2.0106382978723403,1.817307692307692,2.6619718309859155,1.7999999999999998,2.0543478260869565,2.1724137931034484,1.8349514563106792,1.9484536082474226,1.0135451648955573,2.0325461190084955
CP506,C,0,5,cCP506,P,0.15659537106192106,3,0.7317073170731708,0.7142857142857143,0.7317073170731708,0.7317073170731708,0.7142857142857143,0.6976744186046512,0.7317073170731708,0.7142857142857143,0.7317073170731708,0.6818181818181818,1.746856846519509,0.718088632864583
CP506,P,0,5,pCP506,C,0.26993553116917157,19.5,2.0103092783505154,2.142857142857143,2.074468085106383,1.875,2.746478873239437,1.8571428571428572,2.1195652173913047,2.241379310344828,1.8932038834951455,2.0103092783505154,1.1132294936711273,2.097071392627813
CP507,C,0,5,cCP507,P,0.08664339756999322,3,0.7317073170731708,0.7142857142857143,0.7317073170731708,0.7317073170731708,0.7142857142857143,0.6976744186046512,0.7317073170731708,0.7142857142857143,0.7317073170731708,0.6818181818181818,0.9665267320769404,0.718088632864583
CP507,P,0,5,pCP507,C,0.22978493560786856,18.1,1.8659793814432992,1.9890109890109893,1.9255319148936172,1.7403846153846154,2.5492957746478875,1.723809523809524,1.9673913043478264,2.0804597701149428,1.7572815533980584,1.8659793814432992,0.947646152442545,1.946512420849406
CP508,C,0,5,cCP508,P,0.10591223254840054,3.3,0.8048780487804879,0.7857142857142856,0.8048780487804879,0.8048780487804879,0.7857142857142856,0.7674418604651163,0.8048780487804879,0.7857142857142856,0.8048780487804879,0.7499999999999999,1.1814749523099357,0.7898974961510412
CP508,P,0,5,pCP508,C,0.22396993365350693,18.1,1.8659793814432992,1.9890109890109893,1.9255319148936172,1.7403846153846154,2.5492957746478875,1.723809523809524,1.9673913043478264,2.0804597701149428,1.7572815533980584,1.8659793814432992,0.9236647534273348,1.946512420849406
CP509,C,0,5,cCP509,P,0.13732653608351383,2.9,0.7073170731707318,0.6904761904761905,0.7073170731707318,0.7073170731707318,0.6904761904761905,0.6744186046511628,0.7073170731707318,0.6904761904761905,0.7073170731707318,0.6590909090909091,1.5319086262865147,0.6941523451024302
CP509,P,0,5,pCP509,C,0.2530477205621011,20,2.061855670103093,2.197802197802198,2.127659574468085,1.923076923076923,2.8169014084507045,1.9047619047619047,2.173913043478261,2.298850574712644,1.9417475728155338,2.061855670103093,1.0435832015735496,2.150842453977244
CP510,C,0,5,cCP510,P,0.06385320297074891,1.2,0.29268292682926833,0.2857142857142857,0.29268292682926833,0.29268292682926833,0.2857142857142857,0.27906976744186046,0.29268292682926833,0.2857142857142857,0.29268292682926833,0.2727272727272727,0.7122969473826043,0.2872354531458332
CP510,P,0,5,pCP510,C,0.24576410704660412,19.8,2.041237113402062,2.175824175824176,2.106382978723404,1.9038461538461537,2.7887323943661975,1.8857142857142857,2.1521739130434785,2.2758620689655173,1.9223300970873787,2.041237113402062,1.0135451648955573,2.1293340294374716
CP701,C,0,7,cCP701,P,0.233975272112699,4.6,0.8214285714285714,0.793103448275862,0.7419354838709676,0.8070175438596491,0.9199999999999999,0.8363636363636363,0.8846153846153845,0.8070175438596491,0.8679245283018867,0.7666666666666666,1.6715435343072218,0.8246072807242273
CP701,P,0,7,pCP701,C,0.19755629694510612,14,1.707317073170732,1.4432989690721651,1.2280701754385965,1.1382113821138211,1.3207547169811322,1.2173913043478262,2.08955223880597,1.3725490196078431,1.4583333333333335,1.4432989690721651,0.7788585340600664,1.4418777181943585
CP702,C,0,7,cCP702,P,0.22396993365350695,4.4,0.7857142857142858,0.7586206896551725,0.7096774193548387,0.7719298245614036,0.8800000000000001,0.8,0.8461538461538461,0.7719298245614036,0.8301886792452832,0.7333333333333334,1.600064361918602,0.7887547902579567
CP702,P,0,7,pCP702,C,0.21682513192351333,15.1,1.8414634146341464,1.556701030927835,1.3245614035087718,1.2276422764227641,1.4245283018867925,1.3130434782608695,2.253731343283582,1.4803921568627452,1.5729166666666667,1.556701030927835,0.8548252169570316,1.555168110338201
CP703,C,0,7,cCP703,P,0.16241037301628267,4.8,0.8571428571428572,0.8275862068965517,0.7741935483870968,0.8421052631578947,0.96,0.8727272727272727,0.923076923076923,0.8421052631578947,0.9056603773584906,0.7999999999999999,1.1602764961804568,0.8604597711904981
CP703,P,0,7,pCP703,C,0.2432387686319142,14.2,1.7317073170731707,1.463917525773196,1.2456140350877192,1.154471544715447,1.3396226415094339,1.2347826086956522,2.1194029850746268,1.392156862745098,1.4791666666666667,1.463917525773196,0.9589600214862773,1.4624759713114206
CP704,C,0,7,cCP704,P,0.22396993365350695,5.2,0.9285714285714287,0.896551724137931,0.8387096774193549,0.9122807017543859,1.04,0.9454545454545454,1,0.9122807017543859,0.9811320754716982,0.8666666666666667,1.600064361918602,0.9321647521230397
CP704,P,0,7,pCP704,C,0.23203724879570337,13.6,1.6585365853658538,1.4020618556701032,1.1929824561403508,1.105691056910569,1.2830188679245282,1.182608695652174,2.029850746268657,1.3333333333333335,1.4166666666666667,1.4020618556701032,0.9147984358836675,1.4006812119602339
CP705,C,0,7,cCP705,P,0.1624103730162827,4.9,0.8750000000000001,0.8448275862068967,0.7903225806451614,0.8596491228070176,0.9800000000000001,0.890909090909091,0.9423076923076923,0.8596491228070176,0.9245283018867926,0.8166666666666668,1.160276496180457,0.8783860164236336
CP705,P,0,7,pCP705,C,0.2047010986750996,15.2,1.853658536585366,1.5670103092783505,1.3333333333333333,1.235772357723577,1.4339622641509433,1.3217391304347825,2.2686567164179103,1.4901960784313726,1.5833333333333333,1.5670103092783505,0.8070266556923463,1.565467236896732
CP706,C,0,7,cCP706,P,0.1504966005407421,4.5,0.8035714285714286,0.7758620689655172,0.7258064516129032,0.7894736842105263,0.9,0.8181818181818182,0.8653846153846153,0.7894736842105263,0.8490566037735849,0.75,1.0751632738690624,0.806681035491092
CP706,P,0,7,pCP706,C,0.1832921335991784,14.5,1.7682926829268295,1.4948453608247423,1.2719298245614035,1.178861788617886,1.3679245283018868,1.2608695652173914,2.1641791044776117,1.4215686274509804,1.5104166666666667,1.4948453608247423,0.7226225875223076,1.4933733509870142
CP707,C,0,7,cCP707,P,0.1624103730162827,4.2,0.7500000000000001,0.7241379310344828,0.6774193548387097,0.7368421052631579,0.8400000000000001,0.7636363636363637,0.8076923076923077,0.7368421052631579,0.7924528301886793,0.7000000000000001,1.160276496180457,0.7529022997916859
CP707,P,0,7,pCP707,C,0.15796150487844474,15.3,1.8658536585365857,1.5773195876288661,1.3421052631578947,1.2439024390243902,1.4433962264150944,1.3304347826086957,2.283582089552239,1.5000000000000002,1.5937500000000002,1.5773195876288661,0.6227575026967278,1.5757663634552632
CP708,C,0,7,cCP708,P,0.18329213359917845,5.4,0.9642857142857144,0.9310344827586208,0.8709677419354839,0.9473684210526316,1.08,0.9818181818181819,1.0384615384615385,0.9473684210526316,1.0188679245283019,0.9,1.3094579527169334,0.9680172425893104
CP708,P,0,7,pCP708,C,0.21682513192351333,13.8,1.6829268292682928,1.4226804123711343,1.2105263157894737,1.121951219512195,1.3018867924528303,1.2,2.0597014925373136,1.3529411764705883,1.4375000000000002,1.4226804123711343,0.8548252169570316,1.4212794650772962
CP709,C,0,7,cCP709,P,0.16241037301628272,4.1,0.7321428571428571,0.7068965517241379,0.6612903225806451,0.719298245614035,0.82,0.7454545454545454,0.7884615384615383,0.719298245614035,0.7735849056603773,0.6833333333333332,1.1602764961804573,0.7349760545585504
CP709,P,0,7,pCP709,C,0.2147064371342917,16,1.9512195121951221,1.6494845360824744,1.4035087719298245,1.3008130081300813,1.509433962264151,1.391304347826087,2.388059701492537,1.5686274509803924,1.6666666666666667,1.6494845360824744,0.8464723396093032,1.647860249364981
CP710,C,0,7,cCP710,P,0.1504966005407421,4.7,0.8392857142857144,0.810344827586207,0.7580645161290323,0.8245614035087719,0.9400000000000001,0.8545454545454546,0.9038461538461539,0.8245614035087719,0.8867924528301887,0.7833333333333333,1.0751632738690624,0.84253352595736275
CP710,P,0,7,pCP710,C,0.18800967459703427,14.5,1.7682926829268295,1.4948453608247423,1.2719298245614035,1.178861788617886,1.3679245283018868,1.2608695652173914,2.1641791044776117,1.4215686274509804,1.5104166666666667,1.4948453608247423,0.7412213217705975,1.4933733509870142
HA501,H,0,5,hHA501,A,0.12711678220673037,9,2.0930232558139537,2.25,1.7647058823529413,2.903225806451613,2.0930232558139537,2.5,1.956521739130435,1.956521739130435,1.6363636363636365,NA,1.2041032287941278,2.1281539238952187
HA501,A,0,5,aHA501,H,0.1601167306827581,4.7,1.3823529411764708,1.46875,0.8867924528301887,1.46875,0.8392857142857144,0.8545454545454546,1.6785714285714288,1.0444444444444445,1.175,NA,0.9766329245514888,1.1998324928726336
HA502,H,0,5,hHA502,A,0.13732653608351367,9.1,2.116279069767442,2.275,1.7843137254901962,2.9354838709677415,2.116279069767442,2.5277777777777777,1.9782608695652175,1.9782608695652175,1.6545454545454545,NA,1.3008142798041749,2.1518000786051656
HA502,A,0,5,aHA502,H,0.1793855656611654,5.2,1.5294117647058825,1.625,0.9811320754716982,1.625,0.9285714285714287,0.9454545454545454,1.8571428571428574,1.1555555555555557,1.3,NA,1.0941632949095215,1.327474247433552
HA503,H,0,5,hHA503,A,0.10496883184397755,8.4,1.9534883720930234,2.1,1.647058823529412,2.709677419354839,1.9534883720930234,2.3333333333333335,1.8260869565217392,1.8260869565217392,1.5272727272727273,NA,0.9943085968029577,1.9862769956355375
HA503,A,0,5,aHA503,H,0.11091289937511288,4.7,1.3823529411764708,1.46875,0.8867924528301887,1.46875,0.8392857142857144,0.8545454545454546,1.6785714285714288,1.0444444444444445,1.175,NA,0.6765138710071468,1.1998324928726336
HA504,H,0,5,hHA504,A,0.10680191601950843,8.9,2.0697674418604652,2.225,1.7450980392156865,2.870967741935484,2.0697674418604652,2.4722222222222223,1.9347826086956523,1.9347826086956523,1.6181818181818182,NA,1.0116723353754031,2.104507769185272
HA504,A,0,5,aHA504,H,0.1732867951399864,5,1.4705882352941178,1.5625,0.9433962264150944,1.5625,0.8928571428571429,0.9090909090909091,1.7857142857142858,1.1111111111111112,1.25,NA,1.0569638088541342,1.2764175456091846
HA505,H,0,5,hHA505,A,0.1047911488005554,6.8,1.5813953488372092,1.7,1.3333333333333335,2.193548387096774,1.5813953488372092,1.8888888888888888,1.4782608695652175,1.4782608695652175,1.2363636363636363,NA,0.992625508837919,1.6079385202763874
HA505,A,0,5,aHA505,H,0.17328679513998635,7.2,2.1176470588235294,2.25,1.358490566037736,2.25,1.2857142857142858,1.309090909090909,2.5714285714285716,1.6,1.8,NA,1.056963808854134,1.8380412656772258
HA506,H,0,5,hHA506,A,0.11172723450276202,8.9,2.0697674418604652,2.225,1.7450980392156865,2.870967741935484,2.0697674418604652,2.4722222222222223,1.9347826086956523,1.9347826086956523,1.6181818181818182,NA,1.0583270082326826,2.104507769185272
HA506,A,0,5,aHA506,H,0.1668751333415425,5,1.4705882352941178,1.5625,0.9433962264150944,1.5625,0.8928571428571429,0.9090909090909091,1.7857142857142858,1.1111111111111112,1.25,NA,1.0178558406440161,1.2764175456091846
HA507,H,0,5,hHA507,A,0.1128584639427518,7.7,1.7906976744186047,1.925,1.5098039215686276,2.4838709677419355,1.7906976744186047,2.138888888888889,1.673913043478261,1.673913043478261,1.4000000000000001,NA,1.069042485745191,1.8207539126659094
HA507,A,0,5,aHA507,H,0.150496600540742,5.1,1.5,1.5937499999999998,0.9622641509433962,1.5937499999999998,0.9107142857142857,0.9272727272727272,1.8214285714285714,1.1333333333333333,1.275,NA,0.9179548851292483,1.3019458965213682
HA508,H,0,5,hHA508,A,0.13232586925680132,9.8,2.2790697674418605,2.45,1.9215686274509807,3.1612903225806455,2.2790697674418605,2.7222222222222223,2.130434782608696,2.130434782608696,1.781818181818182,NA,1.25344587598181,2.3173231615747936
HA508,A,0,5,aHA508,H,0.2107998691962787,5.6,1.6470588235294117,1.7499999999999998,1.0566037735849056,1.7499999999999998,1,1.018181818181818,2,1.2444444444444445,1.4,NA,1.285775020951025,1.4295876510822867
HA509,H,0,5,hHA509,A,0.10777793882548492,8.5,1.9767441860465118,2.125,1.6666666666666667,2.7419354838709675,1.9767441860465118,2.361111111111111,1.847826086956522,1.847826086956522,1.5454545454545454,NA,1.0209176308560715,2.009923150345484
HA509,A,0,5,aHA509,H,0.1565953710619211,5.1,1.5,1.5937499999999998,0.9622641509433962,1.5937499999999998,0.9107142857142857,0.9272727272727272,1.8214285714285714,1.1333333333333333,1.275,NA,0.9551543711846362,1.3019458965213682
HA510,H,0,5,hHA510,A,0.09526750650586208,6.2,1.4418604651162792,1.55,1.215686274509804,2,1.4418604651162792,1.7222222222222223,1.347826086956522,1.347826086956522,1.1272727272727272,NA,0.9024135931659898,1.4660615920167062
HA510,A,0,5,aHA510,H,0.1668751333415425,4.8,1.411764705882353,1.4999999999999998,0.9056603773584906,1.4999999999999998,0.8571428571428572,0.8727272727272727,1.7142857142857144,1.0666666666666667,1.2,NA,1.0178558406440161,1.2253608437848171
HA701,H,0,7,hHA701,A,0.17328679513998635,17.5,1.5765765765765767,1.6355140186915889,1.75,1.715686274509804,1.5625,1.6203703703703702,1.6203703703703702,1.650943396226415,1.715686274509804,1.5909090909090908,0.6973062653575369,1.643855637216402
HA701,A,0,7,aHA701,H,0.1925556301183936,5.6,0.9032258064516128,0.9655172413793103,2.2399999999999998,0.8484848484848485,0.7887323943661971,1.8064516129032255,1.4,1.037037037037037,0.8115942028985507,0.9180327868852459,1.2756496629084184,1.1719075930406027
HA702,H,0,7,hHA702,A,0.20242353041090855,18.1,1.6306306306306309,1.6915887850467293,1.81,1.774509803921569,1.6160714285714288,1.675925925925926,1.675925925925926,1.707547169811321,1.774509803921569,1.6454545454545455,0.8145525220043005,1.7002164019209645
HA702,A,0,7,aHA702,H,0.16521947999778994,5.1,0.8225806451612903,0.8793103448275862,2.04,0.7727272727272727,0.7183098591549295,1.6451612903225805,1.275,0.9444444444444443,0.7391304347826086,0.8360655737704918,1.0945521241601555,1.0672729865191204
HA703,H,0,7,hHA703,A,0.1732867951399864,17.5,1.5765765765765767,1.6355140186915889,1.75,1.715686274509804,1.5625,1.6203703703703702,1.6203703703703702,1.650943396226415,1.715686274509804,1.5909090909090908,0.6973062653575373,1.643855637216402
HA703,A,0,7,aHA703,H,0.156595371061921,5.9,0.9516129032258065,1.017241379310345,2.3600000000000003,0.893939393939394,0.8309859154929579,1.903225806451613,1.475,1.0925925925925926,0.855072463768116,0.9672131147540984,1.0374188081923883,1.2346883569534923
HA704,H,0,7,hHA704,A,0.16640432299210786,19.7,1.7747747747747749,1.841121495327103,1.97,1.9313725490196079,1.7589285714285714,1.824074074074074,1.824074074074074,1.8584905660377358,1.9313725490196079,1.7909090909090908,0.6696111894229426,1.8505117744664639
HA704,A,0,7,aHA704,H,0.13732653608351378,3.9,0.6290322580645161,0.6724137931034483,1.56,0.5909090909090909,0.5492957746478874,1.2580645161290323,0.975,0.7222222222222222,0.5652173913043478,0.639344262295082,0.9097659172863688,0.8161499308675627
HA705,H,0,7,hHA705,A,0.15717008471799965,19.4,1.7477477477477477,1.8130841121495327,1.94,1.9019607843137254,1.7321428571428572,1.796296296296296,1.796296296296296,1.830188679245283,1.9019607843137254,1.7636363636363634,0.6324526038588301,1.8223313921141826
HA705,A,0,7,aHA705,H,0.15401796016157906,4.8,0.7741935483870968,0.8275862068965517,1.92,0.7272727272727273,0.676056338028169,1.5483870967741935,1.2,0.8888888888888888,0.6956521739130435,0.7868852459016393,1.0203438810963792,1.004492222606231
HA706,H,0,7,hHA706,A,0.16838420599582607,18,1.6216216216216217,1.6822429906542058,1.8,1.7647058823529413,1.6071428571428572,1.6666666666666665,1.6666666666666665,1.6981132075471699,1.7647058823529413,1.6363636363636365,0.6775782409345845,1.6908229411368707
HA706,A,0,7,aHA706,H,0.1640232986207711,4.9,0.7903225806451614,0.8448275862068967,1.9600000000000002,0.7424242424242425,0.6901408450704226,1.5806451612903227,1.225,0.9074074074074074,0.7101449275362319,0.8032786885245903,1.086627617515332,1.0254191439105276
HP501,H,0,5,hHP501,P,0.08664339756999313,4.8,1.1162790697674418,1.2,0.9411764705882353,1.5483870967741935,1.1162790697674418,1.3333333333333333,1.0434782608695652,1.0434782608695652,0.8727272727272727,NA,0.820722432999081,1.1350154260774499
HP501,P,0,5,pHP501,H,0.20470109867509964,12.7,1.309278350515464,1.3956043956043955,1.351063829787234,1.221153846153846,1.7887323943661972,1.2095238095238094,1.3804347826086958,1.4597701149425288,1.233009708737864,NA,0.8504962725878756,1.3720634702488927
HP502,H,0,5,hHP502,P,0.08209744204863381,5.3,1.2325581395348837,1.325,1.0392156862745099,1.7096774193548385,1.2325581395348837,1.472222222222222,1.1521739130434783,1.1521739130434783,0.9636363636363636,NA,0.777661244490382,1.2532461996271842
HP502,P,0,5,pHP502,H,0.2204485740326699,13.8,1.4226804123711343,1.5164835164835166,1.4680851063829787,1.3269230769230769,1.9436619718309862,1.3142857142857143,1.5000000000000002,1.5862068965517244,1.3398058252427185,NA,0.9159242022910792,1.4909036133413167
HP503,H,0,5,hHP503,P,0.11285846394275176,5.6,1.3023255813953487,1.4,1.0980392156862746,1.8064516129032255,1.3023255813953487,1.5555555555555554,1.2173913043478262,1.2173913043478262,1.018181818181818,NA,1.0690424857451908,1.3241846637570247
HP503,P,0,5,pHP503,H,0.22396993365350693,13.4,1.3814432989690724,1.4725274725274726,1.425531914893617,1.2884615384615385,1.887323943661972,1.2761904761904763,1.456521739130435,1.5402298850574714,1.3009708737864076,NA,0.9305548185962551,1.4476890158531626
HP504,H,0,5,hHP504,P,0.09174614688502508,5.6,1.3023255813953487,1.4,1.0980392156862746,1.8064516129032255,1.3023255813953487,1.5555555555555554,1.2173913043478262,1.2173913043478262,1.018181818181818,NA,0.8690578047674176,1.3241846637570247
HP504,P,0,5,pHP504,H,0.22739480542702128,14.7,1.5154639175257731,1.6153846153846154,1.5638297872340423,1.4134615384615383,2.0704225352112675,1.4,1.5978260869565217,1.6896551724137931,1.4271844660194173,NA,0.9447845452382632,1.5881364576896633
HP505,H,0,5,hHP505,P,0.11091289937511284,6.1,1.4186046511627908,1.525,1.196078431372549,1.9677419354838708,1.4186046511627908,1.6944444444444442,1.3260869565217392,1.3260869565217392,1.1090909090909091,NA,1.050613285941253,1.4424154373067593
HP505,P,0,5,pHP505,H,0.20117973905426256,13.5,1.3917525773195878,1.4835164835164836,1.4361702127659575,1.2980769230769231,1.9014084507042255,1.2857142857142858,1.4673913043478262,1.5517241379310347,1.3106796116504853,NA,0.8358656562826995,1.458492665225201
HP506,H,0,5,hHP506,P,0.1226036566264658,7,1.627906976744186,1.75,1.3725490196078431,2.258064516129032,1.627906976744186,1.9444444444444444,1.5217391304347827,1.5217391304347827,1.2727272727272727,NA,1.1613530191930685,1.655230829696281
HP506,P,0,5,pHP506,H,0.2325940425893759,13.2,1.3608247422680413,1.4505494505494505,1.404255319148936,1.2692307692307692,1.8591549295774648,1.2571428571428571,1.434782608695652,1.517241379310345,1.2815533980582523,NA,0.9663864411513937,1.4260817171090854
HP507,H,0,5,hHP507,P,0.09855717004553376,5.5,1.2790697674418605,1.375,1.0784313725490198,1.7741935483870968,1.2790697674418605,1.5277777777777777,1.1956521739130437,1.1956521739130437,1,NA,0.9335746595570746,1.300538509047078
HP507,P,0,5,pHP507,H,0.21682513192351333,13,1.3402061855670104,1.4285714285714286,1.3829787234042552,1.25,1.8309859154929577,1.2380952380952381,1.4130434782608696,1.4942528735632186,1.262135922330097,NA,0.9008694515949585,1.4044744183650084
HP508,H,0,5,hHP508,P,0.09590689408920838,5.1,1.1860465116279069,1.275,1,1.6451612903225805,1.1860465116279069,1.4166666666666665,1.108695652173913,1.108695652173913,0.9272727272727272,NA,0.9084701392820337,1.2059538902072904
HP508,P,0,5,pHP508,H,0.22739480542702123,13.5,1.3917525773195878,1.4835164835164836,1.4361702127659575,1.2980769230769231,1.9014084507042255,1.2857142857142858,1.4673913043478262,1.5517241379310347,1.3106796116504853,NA,0.9447845452382629,1.458492665225201
HP509,H,0,5,hHP509,P,0.11887203623275562,6.8,1.5813953488372092,1.7,1.3333333333333335,2.193548387096774,1.5813953488372092,1.8888888888888888,1.4782608695652175,1.4782608695652175,1.2363636363636363,NA,1.1260055529757989,1.6079385202763874
HP509,P,0,5,pHP509,H,0.2130935115298032,13.3,1.371134020618557,1.4615384615384617,1.4148936170212767,1.278846153846154,1.8732394366197185,1.2666666666666668,1.4456521739130437,1.5287356321839083,1.29126213592233,NA,0.8853652395701823,1.436885366481124
HP510,H,0,5,hHP510,P,0.083309866684723,8.4,1.9534883720930234,2.1,1.647058823529412,2.709677419354839,1.9534883720930234,2.3333333333333335,1.8260869565217392,1.8260869565217392,1.5272727272727273,NA,0.789145836797087,1.9862769956355375
HP510,P,0,5,pHP510,H,0.156595371061921,7.7,0.7938144329896908,0.8461538461538463,0.8191489361702128,0.7403846153846154,1.0845070422535212,0.7333333333333334,0.8369565217391305,0.885057471264368,0.7475728155339806,NA,0.6506256207450435,0.8318810016469665
HP701,H,0,7,hHP701,P,0.17203050315829865,14.9,1.3423423423423424,1.3925233644859814,1.49,1.4607843137254903,1.330357142857143,1.3796296296296295,1.3796296296296295,1.4056603773584906,1.4607843137254903,1.3545454545454545,0.6922509449608409,1.3996256568299652
HP701,P,0,7,pHP701,H,0.20812597044861397,7.6,0.926829268292683,0.7835051546391752,0.6666666666666666,0.6178861788617885,0.71698113207547165,0.6608695652173913,1.1343283582089552,0.7450980392156863,0.7916666666666666,0.7835051546391752,0.8205290884171523,0.782733618448366
HP702,H,0,7,hHP702,P,0.1522089560855122,14.9,1.3423423423423424,1.3925233644859814,1.49,1.4607843137254903,1.330357142857143,1.3796296296296295,1.3796296296296295,1.4056603773584906,1.4607843137254903,1.3545454545454545,0.6124890164667063,1.3996256568299652
HP702,P,0,7,pHP702,H,0.24676012825275123,7.9,0.9634146341463415,0.8144329896907218,0.6929824561403509,0.6422764227642276,0.7452830188679246,0.6869565217391305,1.1791044776119404,0.7745098039215688,0.8229166666666667,0.8144329896907218,0.972842854048914,0.8136309981239594
HP703,H,0,7,hHP703,P,0.16159603788863333,15,1.3513513513513513,1.4018691588785048,1.5,1.4705882352941178,1.3392857142857144,1.3888888888888888,1.3888888888888888,1.4150943396226416,1.4705882352941178,1.3636363636363635,0.6502626445694841,1.409019117614059
HP703,P,0,7,pHP703,H,0.2047010986750996,7.5,0.9146341463414634,0.7731958762886598,0.6578947368421052,0.6097560975609756,0.7075471698113208,0.6521739130434783,1.1194029850746268,0.7352941176470589,0.78125,0.7731958762886598,0.8070266556923463,0.7724344918898348
HP704,H,0,7,hHP704,P,0.16838420599582615,14.1,1.2702702702702702,1.3177570093457944,1.41,1.3823529411764706,1.2589285714285714,1.3055555555555554,1.3055555555555554,1.330188679245283,1.3823529411764706,1.2818181818181817,0.6775782409345849,1.3244779705572152
HP704,P,0,7,pHP704,H,0.2204485740326699,7.9,0.9634146341463415,0.8144329896907218,0.6929824561403509,0.6422764227642276,0.7452830188679246,0.6869565217391305,1.1791044776119404,0.7745098039215688,0.8229166666666667,0.8144329896907218,0.8691105060266753,0.8136309981239594
HP705,H,0,7,hHP705,P,0.1596368836443623,14.8,1.3333333333333335,1.383177570093458,1.48,1.450980392156863,1.3214285714285716,1.3703703703703702,1.3703703703703702,1.3962264150943398,1.450980392156863,1.3454545454545455,0.642379005609987,1.3902321960458714
HP705,P,0,7,pHP705,H,0.1980150130562263,7.6,0.926829268292683,0.7835051546391752,0.6666666666666666,0.6178861788617885,0.71698113207547165,0.6608695652173913,1.1343283582089552,0.7450980392156863,0.7916666666666666,0.7835051546391752,0.7806670056875542,0.782733618448366
HP706,H,0,7,hHP706,P,0.16083306502138112,15.9,1.4324324324324325,1.485981308411215,1.59,1.558823529411765,1.4196428571428572,1.472222222222222,1.472222222222222,1.5,1.558823529411765,1.4454545454545455,0.6471924408635238,1.4935602646709025
HP706,P,0,7,pHP706,H,0.1969420450948024,7.5,0.9146341463414634,0.7731958762886598,0.6578947368421052,0.6097560975609756,0.7075471698113208,0.6521739130434783,1.1194029850746268,0.7352941176470589,0.78125,0.7731958762886598,0.7764368684231358,0.7724344918898348
HP707,H,0,7,hHP707,P,0.14797126212605205,15.2,1.3693693693693694,1.4205607476635513,1.52,1.4901960784313726,1.3571428571428572,1.4074074074074072,1.4074074074074072,1.4339622641509433,1.4901960784313726,1.3818181818181818,0.5954365310409574,1.4278060391822462
HP707,P,0,7,pHP707,H,0.2239699336535069,6.8,0.8292682926829269,0.7010309278350516,0.5964912280701754,0.5528455284552845,0.6415094339622641,0.591304347826087,1.0149253731343284,0.6666666666666667,0.7083333333333334,0.7010309278350516,0.8829933385893118,0.7003406059801169
HP708,H,0,7,hHP708,P,0.17212399605719708,16.2,1.4594594594594594,1.514018691588785,1.6199999999999999,1.5882352941176472,1.4464285714285714,1.4999999999999998,1.4999999999999998,1.5283018867924527,1.5882352941176472,1.4727272727272727,0.6926271604948384,1.5217406470231836
HP708,P,0,7,pHP708,H,0.20924705419645895,6.6,0.8048780487804879,0.6804123711340206,0.5789473684210525,0.5365853658536585,0.6226415094339622,0.5739130434782609,0.9850746268656716,0.6470588235294118,0.6875,0.6804123711340206,0.8249489204240649,0.6797423528630546
HP709,H,0,7,hHP709,P,0.16856925414213045,15.6,1.4054054054054055,1.457943925233645,1.56,1.5294117647058825,1.392857142857143,1.4444444444444444,1.4444444444444444,1.4716981132075473,1.5294117647058825,1.4181818181818182,0.6783228748907184,1.4653798823186213
HP709,P,0,7,pHP709,H,0.20924705419645895,7.6,0.926829268292683,0.7835051546391752,0.6666666666666666,0.6178861788617885,0.71698113207547165,0.6608695652173913,1.1343283582089552,0.7450980392156863,0.7916666666666666,0.7835051546391752,0.8249489204240649,0.782733618448366
HP710,H,0,7,hHP710,P,0.15659537106192087,15.3,1.3783783783783785,1.429906542056075,1.53,1.5000000000000002,1.3660714285714288,1.4166666666666667,1.4166666666666667,1.4433962264150944,1.5000000000000002,1.3909090909090909,0.6301399554377746,1.4371994999663402
HP710,P,0,7,pHP710,H,0.16445959923824216,7.9,0.9634146341463415,0.8144329896907218,0.6929824561403509,0.6422764227642276,0.7452830188679246,0.6869565217391305,1.1791044776119404,0.7745098039215688,0.8229166666666667,0.8144329896907218,0.6483760039822734,0.8136309981239594
LA501,L,0,5,lLA501,A,0.104113640366888,6.6,1.2941176470588236,1.4999999999999998,1.3199999999999998,1.434782608695652,1.2692307692307692,1.6097560975609757,1.2941176470588236,1.434782608695652,1.3199999999999998,1.2,0.5210527204501847,1.3676787378300697
LA501,A,0,5,aLA501,L,0.18329213359917837,5.9,1.7352941176470589,1.84375,1.1132075471698115,1.84375,1.0535714285714286,1.0727272727272728,2.107142857142857,1.3111111111111111,1.475,NA,1.11799142863416,1.5061727038188377
LA502,L,0,5,lLA502,A,0.12645011395981,6.5,1.2745098039215688,1.477272727272727,1.3,1.4130434782608696,1.25,1.5853658536585367,1.2745098039215688,1.4130434782608696,1.3,1.1818181818181819,0.6328390367276933,1.3469563327114322
LA502,A,0,5,aLA502,L,0.17328679513998635,5.5,1.6176470588235294,1.71875,1.0377358490566038,1.71875,0.9821428571428572,1,1.9642857142857144,1.2222222222222223,1.375,NA,1.056963808854134,1.404059300170103
LA503,L,0,5,lLA503,A,0.13200658428116427,6.4,1.254901960784314,1.4545454545454546,1.28,1.3913043478260871,1.2307692307692308,1.5609756097560978,1.254901960784314,1.3913043478260871,1.28,1.1636363636363638,0.6606472467455147,1.326233927592795
LA503,A,0,5,aLA503,L,0.09664873602918526,1.6,0.4705882352941177,0.5,0.30188679245283023,0.5,0.28571428571428575,0.29090909090909095,0.5714285714285715,0.35555555555555557,0.4,NA,0.5895095242070933,0.40845361459493906
LA504,L,0,5,lLA504,A,0.15049660054074204,6.3,1.2352941176470589,1.4318181818181817,1.26,1.3695652173913044,1.2115384615384615,1.5365853658536586,1.2352941176470589,1.3695652173913044,1.26,1.1454545454545455,0.7531833759142841,1.3055115224741574
LA504,A,0,5,aLA504,L,0.20527846690713653,6.2,1.823529411764706,1.9375,1.169811320754717,1.9375,1.1071428571428572,1.1272727272727272,2.2142857142857144,1.3777777777777778,1.55,NA,1.2520971957651348,1.5827577565553888
LA505,L,0,5,lLA505,A,0.15401796016157906,6.4,1.254901960784314,1.4545454545454546,1.28,1.3913043478260871,1.2307692307692308,1.5609756097560978,1.254901960784314,1.3913043478260871,1.28,1.1636363636363638,0.7708065615377511,1.326233927592795
LA505,A,0,5,aLA505,L,0.13122776556233473,5,1.4705882352941178,1.5625,0.9433962264150944,1.5625,0.8928571428571429,0.9090909090909091,1.7857142857142858,1.1111111111111112,1.25,NA,0.8004245147712159,1.2764175456091846
LA506,L,0,5,lLA506,A,0.1320065842811642,6.4,1.254901960784314,1.4545454545454546,1.28,1.3913043478260871,1.2307692307692308,1.5609756097560978,1.254901960784314,1.3913043478260871,1.28,1.1636363636363638,0.6606472467455143,1.326233927592795
LA506,A,0,5,aLA506,L,0.13260899508565788,5.6,1.6470588235294117,1.7499999999999998,1.0566037735849056,1.7499999999999998,1,1.018181818181818,2,1.2444444444444445,1.4,NA,0.8088493322346241,1.4295876510822867
LA507,L,0,5,lLA507,A,0.15912070947661097,6.6,1.2941176470588236,1.4999999999999998,1.3199999999999998,1.434782608695652,1.2692307692307692,1.6097560975609757,1.2941176470588236,1.434782608695652,1.3199999999999998,1.2,0.7963440550208652,1.3676787378300697
LA507,A,0,5,aLA507,L,0.06737456259158592,1.5,0.4411764705882353,0.46875,0.2830188679245283,0.46875,0.26785714285714285,0.2727272727272727,0.5357142857142857,0.3333333333333333,0.375,NA,0.41095153406903445,0.38292526368275537
LA508,L,0,5,lLA508,A,0.16241037301628267,5.9,1.1568627450980393,1.3409090909090908,1.1800000000000002,1.282608695652174,1.1346153846153846,1.4390243902439026,1.1568627450980393,1.282608695652174,1.1800000000000002,1.0727272727272728,0.8128076819833978,1.2226219019996079
LA508,A,0,5,aLA508,L,0.15912070947661097,3,0.8823529411764706,0.9375,0.5660377358490566,0.9375,0.5357142857142857,0.5454545454545454,1.0714285714285714,0.6666666666666666,0.75,NA,0.9705576874458667,0.7658505273655107
LA509,L,0,5,lLA509,A,0.15401796016157906,6.3,1.2352941176470589,1.4318181818181817,1.26,1.3695652173913044,1.2115384615384615,1.5365853658536586,1.2352941176470589,1.3695652173913044,1.26,1.1454545454545455,0.7708065615377511,1.3055115224741574
LA509,A,0,5,aLA509,L,0.13732653608351378,2.7,0.7941176470588236,0.84375,0.5094339622641509,0.84375,0.4821428571428572,0.49090909090909096,0.9642857142857144,0.6000000000000001,0.675,NA,0.8376240008266034,0.6892654746289597
LA510,L,0,5,lLA510,A,0.1320065842811642,6.4,1.254901960784314,1.4545454545454546,1.28,1.3913043478260871,1.2307692307692308,1.5609756097560978,1.254901960784314,1.3913043478260871,1.28,1.1636363636363638,0.6606472467455143,1.326233927592795
LA510,A,0,5,aLA510,L,0.1808648728670407,4.8,1.411764705882353,1.4999999999999998,0.9056603773584906,1.4999999999999998,0.8571428571428572,0.8727272727272727,1.7142857142857144,1.0666666666666667,1.2,NA,1.1031863377647155,1.2253608437848171
LA701,L,0,7,lLA701,A,0.15204941554056167,10.3,1.3205128205128207,1.1573033707865168,1.3205128205128207,1.1573033707865168,1.2261904761904763,1.2875,1.3205128205128207,1.2875,1.2409638554216866,1.3205128205128207,0.6885220262102876,1.263881235523648
LA701,A,0,7,aLA701,L,0.14733187454270577,8.6,1.3870967741935483,1.4827586206896552,3.44,1.303030303030303,1.2112676056338028,2.7741935483870965,2.15,1.5925925925925923,1.2463768115942029,1.4098360655737705,0.9760496537053213,1.7997152321694971
LA702,L,0,7,lLA702,A,0.168740839618627,13.2,1.6923076923076923,1.4831460674157302,1.6923076923076923,1.4831460674157302,1.5714285714285712,1.65,1.6923076923076923,1.65,1.5903614457831323,1.6923076923076923,0.7641054349705727,1.6197312921273932
LA702,A,0,7,aLA702,L,0.1440849387422982,2,0.3225806451612903,0.3448275862068966,0.8,0.30303030303030304,0.28169014084507044,0.6451612903225806,0.5,0.37037037037037035,0.2898550724637681,0.3278688524590164,0.9545392332791385,0.4185384260859296
LA703,L,0,7,lLA703,A,0.15204941554056167,12.8,1.6410256410256412,1.4382022471910112,1.6410256410256412,1.4382022471910112,1.5238095238095237,1.6,1.6410256410256412,1.6,1.542168674698795,1.6410256410256412,0.6885220262102876,1.5706485256992906
LA703,A,0,7,aLA703,L,0.16011673068275808,3.6,0.5806451612903226,0.6206896551724138,1.44,0.5454545454545455,0.5070422535211268,1.1612903225806452,0.9,0.6666666666666666,0.5217391304347826,0.5901639344262296,1.0607472416977508,0.7533691669546733
LA704,L,0,7,lLA704,A,0.12770640594149768,13.5,1.7307692307692308,1.5168539325842696,1.7307692307692308,1.5168539325842696,1.607142857142857,1.6875,1.7307692307692308,1.6875,1.6265060240963853,1.7307692307692308,0.5782901109239521,1.6565433669484704
LA704,A,0,7,aLA704,L,0.15297192895276449,1.8,0.2903225806451613,0.3103448275862069,0.72,0.27272727272727276,0.2535211267605634,0.5806451612903226,0.45,0.3333333333333333,0.2608695652173913,0.2950819672131148,1.013414094841386,0.37668458347733663
LA705,L,0,7,lLA705,A,0.1907570379368812,11.8,1.512820512820513,1.3258426966292136,1.512820512820513,1.3258426966292136,1.4047619047619049,1.475,1.512820512820513,1.475,1.4216867469879517,1.512820512820513,0.8638009018794086,1.4479416096290336
LA705,A,0,7,aLA705,L,0.12870242714764485,1.5,0.24193548387096772,0.25862068965517243,0.6,0.2272727272727273,0.21126760563380284,0.48387096774193544,0.375,0.27777777777777773,0.21739130434782608,0.24590163934426232,0.8526326013186017,0.3139038195644472
LA706,L,0,7,lLA706,A,0.13732653608351378,13,1.6666666666666667,1.4606741573033708,1.6666666666666667,1.4606741573033708,1.5476190476190474,1.625,1.6666666666666667,1.625,1.5662650602409638,1.6666666666666667,0.6218527347869857,1.595189908913342
LA706,A,0,7,aLA706,L,0.1145363414842694,1.8,0.2903225806451613,0.3103448275862069,0.72,0.27272727272727276,0.2535211267605634,0.5806451612903226,0.45,0.3333333333333333,0.2608695652173913,0.2950819672131148,0.7587845928749865,0.37668458347733663
LA708,L,0,7,lLA708,A,0.17328679513998638,12.2,1.564102564102564,1.3707865168539324,1.564102564102564,1.3707865168539324,1.4523809523809523,1.525,1.564102564102564,1.525,1.469879518072289,1.564102564102564,0.7846907854337793,1.4970243760571362
LA708,A,0,7,aLA708,L,0.13732653608351378,2,0.3225806451612903,0.3448275862068966,0.8,0.30303030303030304,0.28169014084507044,0.6451612903225806,0.5,0.37037037037037035,0.2898550724637681,0.3278688524590164,0.9097659172863688,0.4185384260859296
LA709,L,0,7,lLA709,A,0.1540179601615791,13.5,1.7307692307692308,1.5168539325842696,1.7307692307692308,1.5168539325842696,1.607142857142857,1.6875,1.7307692307692308,1.6875,1.6265060240963853,1.7307692307692308,0.6974361435472708,1.6565433669484704
LA709,A,0,7,aLA709,L,0.16241037301628267,2.9,0.46774193548387094,0.5,1.16,0.4393939393939394,0.4084507042253521,0.9354838709677419,0.725,0.537037037037037,0.42028985507246375,0.4754098360655738,1.0759422482929573,0.6068807178245978
LA710,L,0,7,lLA710,A,0.14869800835922956,12.2,1.564102564102564,1.3707865168539324,1.564102564102564,1.3707865168539324,1.4523809523809523,1.525,1.564102564102564,1.525,1.469879518072289,1.564102564102564,0.6733459227379863,1.4970243760571362
LA710,A,0,7,aLA710,L,0.19607698973923063,3.3,0.532258064516129,0.5689655172413793,1.3199999999999998,0.5,0.4647887323943662,1.064516129032258,0.825,0.611111111111111,0.47826086956521735,0.5409836065573771,1.2989780964137807,0.6905884030417838
LH501,L,0,5,lLH501,H,0.12645011395981007,5.4,1.058823529411765,1.2272727272727273,1.08,1.173913043478261,1.0384615384615385,1.3170731707317076,1.058823529411765,1.173913043478261,1.08,0.9818181818181819,0.6328390367276936,1.1190098764064207
LH501,H,0,5,hLH501,L,0.09026683967914974,8.7,2.0232558139534884,2.175,1.7058823529411764,2.8064516129032255,2.0232558139534884,2.4166666666666665,1.891304347826087,1.891304347826087,1.5818181818181818,NA,0.855045189343625,2.057215459765378
LH502,L,0,5,lLH502,H,0.13732653608351372,6.3,1.2352941176470589,1.4318181818181817,1.26,1.3695652173913044,1.2115384615384615,1.5365853658536586,1.2352941176470589,1.3695652173913044,1.26,1.1454545454545455,0.6872717634707951,1.3055115224741574
LH502,H,0,5,hLH502,L,0.10862973087795118,7.9,1.8372093023255816,1.975,1.5490196078431375,2.5483870967741935,1.8372093023255816,2.1944444444444446,1.7173913043478264,1.7173913043478264,1.4363636363636365,NA,1.028986160776596,1.8680462220858032
LH503,L,0,5,lLH503,H,0.14869800835922958,6.9,1.3529411764705883,1.5681818181818181,1.3800000000000001,1.5000000000000002,1.3269230769230769,1.6829268292682928,1.3529411764705883,1.5000000000000002,1.3800000000000001,1.2545454545454546,0.7441820448124705,1.429845953185982
LH503,H,0,5,hLH503,L,0.12063511200544838,8.5,1.9767441860465118,2.125,1.6666666666666667,2.7419354838709675,1.9767441860465118,2.361111111111111,1.847826086956522,1.847826086956522,1.5454545454545454,NA,1.1427061427299945,2.009923150345484
LH504,L,0,5,lLH504,H,0.12063511200544838,6.2,1.215686274509804,1.409090909090909,1.24,1.347826086956522,1.1923076923076923,1.5121951219512197,1.215686274509804,1.347826086956522,1.24,1.1272727272727272,0.6037369654038391,1.28478911735552
LH504,H,0,5,hLH504,L,0.10591223254840046,8.1,1.8837209302325582,2.025,1.5882352941176472,2.6129032258064515,1.8837209302325582,2.25,1.7608695652173914,1.7608695652173914,1.4727272727272727,NA,1.0032448821188877,1.9153385315056968
LH505,L,0,5,lLH505,H,0.13122776556233473,5.8,1.1372549019607843,1.3181818181818181,1.16,1.2608695652173914,1.1153846153846154,1.4146341463414636,1.1372549019607843,1.2608695652173914,1.16,1.0545454545454545,0.6567495287255354,1.2018994968809702
LH505,H,0,5,hLH505,L,0.10943359216923748,8.9,2.0697674418604652,2.225,1.7450980392156865,2.870967741935484,2.0697674418604652,2.4722222222222223,1.9347826086956523,1.9347826086956523,1.6181818181818182,NA,1.0366006705174602,2.104507769185272
LH506,L,0,5,lLH506,H,0.13732653608351375,6.4,1.254901960784314,1.4545454545454546,1.28,1.3913043478260871,1.2307692307692308,1.5609756097560978,1.254901960784314,1.3913043478260871,1.28,1.1636363636363638,0.6872717634707952,1.326233927592795
LH506,H,0,5,hLH506,L,0.11004484033101147,9.7,2.255813953488372,2.425,1.9019607843137254,3.129032258064516,2.255813953488372,2.694444444444444,2.108695652173913,2.108695652173913,1.7636363636363634,NA,1.0423906682849426,2.2936770068648467
LH507,L,0,5,lLH507,H,0.12645011395981,5.2,1.019607843137255,1.1818181818181817,1.04,1.1304347826086958,1,1.2682926829268295,1.019607843137255,1.1304347826086958,1.04,0.9454545454545454,0.6328390367276933,1.0775650661691458
LH507,H,0,5,hLH507,L,0.1145363414842694,8.4,1.9534883720930234,2.1,1.647058823529412,2.709677419354839,1.9534883720930234,2.3333333333333335,1.8260869565217392,1.8260869565217392,1.5272727272727273,NA,1.0849360422857965,1.9862769956355375
LH508,L,0,5,lLH508,H,0.12645011395981004,5.2,1.019607843137255,1.1818181818181817,1.04,1.1304347826086958,1,1.2682926829268295,1.019607843137255,1.1304347826086958,1.04,0.9454545454545454,0.6328390367276934,1.0775650661691458
LH508,H,0,5,hLH508,L,0.0942214752970475,8.3,1.9302325581395352,2.075,1.627450980392157,2.67741935483871,1.9302325581395352,2.305555555555556,1.8043478260869568,1.8043478260869568,1.5090909090909093,NA,0.892505148867072,1.9626308409255906
LH509,L,0,5,lLH509,H,0.1486980083592296,6.9,1.3529411764705883,1.5681818181818181,1.3800000000000001,1.5000000000000002,1.3269230769230769,1.6829268292682928,1.3529411764705883,1.5000000000000002,1.3800000000000001,1.2545454545454546,0.7441820448124706,1.429845953185982
LH509,H,0,5,hLH509,L,0.09855717004553374,8.4,1.9534883720930234,2.1,1.647058823529412,2.709677419354839,1.9534883720930234,2.3333333333333335,1.8260869565217392,1.8260869565217392,1.5272727272727273,NA,0.9335746595570745,1.9862769956355375
LH510,L,0,5,lLH510,H,0.1320065842811642,6.6,1.2941176470588236,1.4999999999999998,1.3199999999999998,1.434782608695652,1.2692307692307692,1.6097560975609757,1.2941176470588236,1.434782608695652,1.3199999999999998,1.2,0.6606472467455143,1.3676787378300697
LH510,H,0,5,hLH510,L,0.09048985490333732,8.7,2.0232558139534884,2.175,1.7058823529411764,2.8064516129032255,2.0232558139534884,2.4166666666666665,1.891304347826087,1.891304347826087,1.5818181818181818,NA,0.8571576826498022,2.057215459765378
LH701,L,0,7,lLH701,H,0.1520494155405617,6.4,0.8205128205128206,0.7191011235955056,0.8205128205128206,0.7191011235955056,0.7619047619047619,0.8,0.8205128205128206,0.8,0.7710843373493975,0.8205128205128206,0.6885220262102877,0.7853242628496453
LH701,H,0,7,hLH701,L,0.15473429450020215,15.6,1.4054054054054055,1.457943925233645,1.56,1.5294117647058825,1.392857142857143,1.4444444444444444,1.4444444444444444,1.4716981132075473,1.5294117647058825,1.4181818181818182,0.6226509811870351,1.4653798823186213
LH702,L,0,7,lLH702,H,0.18329213359917845,6.4,0.8205128205128206,0.7191011235955056,0.8205128205128206,0.7191011235955056,0.7619047619047619,0.8,0.8205128205128206,0.8,0.7710843373493975,0.8205128205128206,0.8299977396522579,0.7853242628496453
LH702,H,0,7,hLH702,L,0.16555236967522535,15.6,1.4054054054054055,1.457943925233645,1.56,1.5294117647058825,1.392857142857143,1.4444444444444444,1.4444444444444444,1.4716981132075473,1.5294117647058825,1.4181818181818182,0.6661829282840924,1.4653798823186213
LH704,L,0,7,lLH704,H,0.21864998185115736,5.5,0.7051282051282052,0.6179775280898876,0.7051282051282052,0.6179775280898876,0.6547619047619048,0.6875,0.7051282051282052,0.6875,0.6626506024096385,0.7051282051282052,0.9901079066945906,0.6748880383864139
LH704,H,0,7,hLH704,L,0.17597507079260688,16.9,1.5225225225225225,1.5794392523364487,1.69,1.656862745098039,1.5089285714285714,1.5648148148148147,1.5648148148148147,1.5943396226415094,1.656862745098039,1.5363636363636362,0.7081238897129652,1.5874948725118396
LH705,L,0,7,lLH705,H,0.14869800835922958,5.6,0.717948717948718,0.6292134831460674,0.717948717948718,0.6292134831460674,0.6666666666666666,0.7,0.717948717948718,0.7,0.6746987951807228,0.717948717948718,0.6733459227379864,0.6871587299934396
LH705,H,0,7,hLH705,L,0.1476416640445141,17.1,1.5405405405405408,1.5981308411214956,1.7100000000000002,1.6764705882352944,1.5267857142857144,1.5833333333333333,1.5833333333333333,1.6132075471698115,1.6764705882352944,1.5545454545454547,0.5941102279771805,1.6062817940800271
LH707,L,0,7,lLH707,H,0.13260899508565782,7,0.8974358974358975,0.7865168539325842,0.8974358974358975,0.7865168539325842,0.8333333333333333,0.875,0.8974358974358975,0.875,0.8433734939759036,0.8974358974358975,0.6004903975821617,0.8589484124917995
LH707,H,0,7,hLH707,L,0.15730762370125073,14.5,1.3063063063063063,1.355140186915888,1.45,1.4215686274509804,1.2946428571428572,1.3425925925925926,1.3425925925925926,1.3679245283018868,1.4215686274509804,1.3181818181818181,0.6330060608875345,1.3620518136935902
LH708,L,0,7,lLH708,H,0.1819109040758553,6.6,0.8461538461538461,0.7415730337078651,0.8461538461538461,0.7415730337078651,0.7857142857142856,0.825,0.8461538461538461,0.825,0.7951807228915662,0.8461538461538461,0.823743148362453,0.8098656460636966
LH708,H,0,7,hLH708,L,0.15270904767816715,16.1,1.4504504504504507,1.504672897196262,1.61,1.5784313725490198,1.4375000000000002,1.4907407407407407,1.4907407407407407,1.518867924528302,1.5784313725490198,1.4636363636363638,0.6145013856176806,1.51234718623909
LH709,L,0,7,lLH709,H,0.19255563011839363,5.9,0.7564102564102565,0.6629213483146068,0.7564102564102565,0.6629213483146068,0.7023809523809524,0.7375,0.7564102564102565,0.7375,0.7108433734939759,0.7564102564102565,0.8719454273202879,0.7239708048145168
LH709,H,0,7,hLH709,L,0.14497083897767996,18.1,1.6306306306306309,1.6915887850467293,1.81,1.774509803921569,1.6160714285714288,1.675925925925926,1.675925925925926,1.707547169811321,1.774509803921569,1.6454545454545455,0.58336282479927,1.7002164019209645
LH710,L,0,7,lLH710,H,0.1486980083592296,5.6,0.717948717948718,0.6292134831460674,0.717948717948718,0.6292134831460674,0.6666666666666666,0.7,0.717948717948718,0.7,0.6746987951807228,0.717948717948718,0.6733459227379865,0.6871587299934396
LH710,H,0,7,hLH710,L,0.1361303547064949,18.1,1.6306306306306309,1.6915887850467293,1.81,1.774509803921569,1.6160714285714288,1.675925925925926,1.675925925925926,1.707547169811321,1.774509803921569,1.6454545454545455,0.547788705801269,1.7002164019209645
LP501,L,0,5,lLP501,P,0.15049660054074204,5.1,1,1.159090909090909,1.02,1.108695652173913,0.9807692307692306,1.2439024390243902,1,1.108695652173913,1.02,0.9272727272727272,0.7531833759142841,1.0568426610505084
LP501,P,0,5,pLP501,L,0.20661537804672991,16.1,1.65979381443299,1.7692307692307694,1.7127659574468086,1.5480769230769231,2.2676056338028174,1.5333333333333334,1.7500000000000002,1.8505747126436785,1.5631067961165048,NA,0.8584497593097399,1.739387548898203
LP502,L,0,5,lLP502,P,0.13260899508565785,6.1,1.196078431372549,1.3863636363636362,1.22,1.3260869565217392,1.173076923076923,1.4878048780487805,1.196078431372549,1.3260869565217392,1.22,1.1090909090909091,0.6636621042358862,1.2640667122368825
LP502,P,0,5,pLP502,L,0.1701220691419501,10.7,1.1030927835051547,1.1758241758241759,1.1382978723404253,1.0288461538461537,1.5070422535211268,1.019047619047619,1.1630434782608696,1.2298850574712643,1.0388349514563104,NA,0.7068266200164057,1.1559904828081222
LP503,L,0,5,lLP503,P,0.13732653608351372,4.6,0.9019607843137255,1.0454545454545452,0.9199999999999999,1,0.8846153846153845,1.1219512195121952,0.9019607843137255,1,0.9199999999999999,0.8363636363636363,0.6872717634707951,0.9532306354573212
LP503,P,0,5,pLP503,L,0.21590261851131057,13.4,1.3814432989690724,1.4725274725274726,1.425531914893617,1.2884615384615385,1.887323943661972,1.2761904761904763,1.456521739130435,1.5402298850574714,1.3009708737864076,NA,0.8970365741772556,1.4476890158531626
LP504,L,0,5,lLP504,P,0.1520494155405617,4.6,0.9019607843137255,1.0454545454545452,0.9199999999999999,1,0.8846153846153845,1.1219512195121952,0.9019607843137255,1,0.9199999999999999,0.8363636363636363,0.7609546773226363,0.9532306354573212
LP504,P,0,5,pLP504,L,0.1983706320727552,15.3,1.5773195876288661,1.6813186813186816,1.627659574468085,1.4711538461538463,2.154929577464789,1.4571428571428573,1.6630434782608698,1.7586206896551726,1.4854368932038835,NA,0.8241943216756263,1.6529583539218946
LP505,L,0,5,lLP505,P,0.14242928539854563,7.5,1.4705882352941178,1.7045454545454544,1.5,1.6304347826086958,1.4423076923076923,1.829268292682927,1.4705882352941178,1.6304347826086958,1.5,1.3636363636363635,0.7128092569539093,1.5541803838978063
LP505,P,0,5,pLP505,L,0.17713325247333056,7.9,0.8144329896907218,0.8681318681318682,0.8404255319148937,0.7596153846153846,1.1126760563380282,0.7523809523809524,0.8586956521739132,0.9080459770114944,0.7669902912621359,NA,0.7359568265876647,0.8534883003910436
LP506,L,0,5,lLP506,P,0.12770640594149765,4.9,0.9607843137254903,1.1136363636363635,0.9800000000000001,1.065217391304348,0.9423076923076923,1.1951219512195124,0.9607843137254903,1.065217391304348,0.9800000000000001,0.890909090909091,0.6391263431020681,1.0153978508132335
LP506,P,0,5,pLP506,L,0.19549694229466785,15,1.5463917525773196,1.6483516483516485,1.5957446808510638,1.4423076923076923,2.1126760563380285,1.4285714285714286,1.6304347826086958,1.7241379310344829,1.4563106796116503,NA,0.8122546571566959,1.620547405805779
LP507,L,0,5,lLP507,P,0.15049660054074196,3.3,0.6470588235294118,0.7499999999999999,0.6599999999999999,0.717391304347826,0.6346153846153846,0.8048780487804879,0.6470588235294118,0.717391304347826,0.6599999999999999,0.6,0.7531833759142836,0.6838393689150348
LP507,P,0,5,pLP507,L,0.21590261851131057,16.5,1.7010309278350517,1.8131868131868132,1.7553191489361701,1.5865384615384615,2.323943661971831,1.5714285714285714,1.7934782608695654,1.8965517241379313,1.6019417475728155,NA,0.8970365741772556,1.7826021463863568
LP508,L,0,5,lLP508,P,0.13732653608351378,3.8,0.7450980392156863,0.8636363636363635,0.76,0.8260869565217391,0.7307692307692307,0.926829268292683,0.7450980392156863,0.8260869565217391,0.76,0.6909090909090909,0.6872717634707954,0.7874513945082219
LP508,P,0,5,pLP508,L,0.1954969422946679,13.7,1.4123711340206186,1.5054945054945055,1.4574468085106382,1.3173076923076923,1.9295774647887325,1.3047619047619048,1.4891304347826086,1.5747126436781609,1.3300970873786406,NA,0.8122546571566961,1.480099963969278
LP509,L,0,5,lLP509,P,0.1440849387422982,5.1,1,1.159090909090909,1.02,1.108695652173913,0.9807692307692306,1.2439024390243902,1,1.108695652173913,1.02,0.9272727272727272,0.721095228665634,1.0568426610505084
LP509,P,0,5,pLP509,L,0.1983706320727553,15,1.5463917525773196,1.6483516483516485,1.5957446808510638,1.4423076923076923,2.1126760563380285,1.4285714285714286,1.6304347826086958,1.7241379310344829,1.4563106796116503,NA,0.8241943216756267,1.620547405805779
LP510,L,0,5,lLP510,P,0.14625890658128182,4.9,0.9607843137254903,1.1136363636363635,0.9800000000000001,1.065217391304348,0.9423076923076923,1.1951219512195124,0.9607843137254903,1.065217391304348,0.9800000000000001,0.890909090909091,0.7319751849584109,1.0153978508132335
LP510,P,0,5,pLP510,L,0.19255563011839363,16.2,1.6701030927835052,1.7802197802197801,1.7234042553191489,1.5576923076923075,2.2816901408450705,1.5428571428571427,1.7608695652173914,1.8620689655172415,1.5728155339805823,NA,0.8000340337275611,1.7501911982702412
LP701,L,0,7,lLP701,P,0.15659537106192106,7.4,0.9487179487179488,0.8314606741573034,0.9487179487179488,0.8314606741573034,0.8809523809523809,0.925,0.9487179487179488,0.925,0.891566265060241,NA,0.7145248754762905,0.9035104267201195
LP701,P,0,7,pLP701,L,0.2147064371342917,13,1.5853658536585367,1.3402061855670104,1.1403508771929824,1.056910569105691,1.2264150943396226,1.1304347826086956,1.9402985074626866,1.2745098039215688,1.3541666666666667,1.3402061855670104,0.8464723396093032,1.3388864526090472
LP702,L,0,7,lLP702,P,0.233975272112699,9.2,1.1794871794871795,1.0337078651685392,1.1794871794871795,1.0337078651685392,1.0952380952380951,1.15,1.1794871794871795,1.15,1.1084337349397588,NA,1.0675995786922112,1.1232832332196079
LP702,P,0,7,pLP702,L,0.2209577397061243,11.3,1.378048780487805,1.1649484536082475,0.9912280701754387,0.9186991869918699,1.0660377358490567,0.982608695652174,1.6865671641791045,1.107843137254902,1.1770833333333335,1.1649484536082475,0.8711178732235336,1.163801301114018
LP703,L,0,7,lLP703,P,0.24762518360832295,8.2,1.0512820512820513,0.9213483146067415,1.0512820512820513,0.9213483146067415,0.976190476190476,1.025,1.0512820512820513,1.025,0.9879518072289155,NA,1.1298823987113067,1.001187229608781
LP703,P,0,7,pLP703,L,0.16687513334154253,12.1,1.475609756097561,1.2474226804123711,1.0614035087719298,0.9837398373983739,1.1415094339622642,1.0521739130434782,1.8059701492537312,1.1862745098039216,1.2604166666666667,1.2474226804123711,0.6578991595574731,1.2461943135822668
LP704,L,0,7,lLP704,P,0.2153458247176379,8,1.0256410256410258,0.898876404494382,1.0256410256410258,0.898876404494382,0.9523809523809523,1,1.0256410256410258,1,0.9638554216867469,NA,0.982595766064285,0.9767680288866156
LP704,P,0,7,pLP704,L,0.21682513192351333,12,1.4634146341463417,1.2371134020618557,1.0526315789473684,0.975609756097561,1.1320754716981132,1.0434782608695652,1.791044776119403,1.1764705882352942,1.25,1.2371134020618557,0.8548252169570316,1.2358951870237358
LP705,L,0,7,lLP705,P,0.168740839618627,8.2,1.0512820512820513,0.9213483146067415,1.0512820512820513,0.9213483146067415,0.976190476190476,1.025,1.0512820512820513,1.025,0.9879518072289155,NA,0.7699431126133891,1.001187229608781
LP705,P,0,7,pLP705,L,0.19755629694510607,12,1.4634146341463417,1.2371134020618557,1.0526315789473684,0.975609756097561,1.1320754716981132,1.0434782608695652,1.791044776119403,1.1764705882352942,1.25,1.2371134020618557,0.7788585340600662,1.2358951870237358
LP706,L,0,7,lLP706,P,0.18329213359917845,8.2,1.0512820512820513,0.9213483146067415,1.0512820512820513,0.9213483146067415,0.976190476190476,1.025,1.0512820512820513,1.025,0.9879518072289155,NA,0.8363388269245174,1.001187229608781
LP706,P,0,7,pLP706,L,0.18448831497619725,12.6,1.5365853658536586,1.2989690721649485,1.1052631578947367,1.024390243902439,1.1886792452830188,1.0956521739130434,1.880597014925373,1.2352941176470589,1.3125,1.2989690721649485,0.7273384892079608,1.2976899463749225
LP707,L,0,7,lLP707,P,0.159120709476611,7.7,0.9871794871794872,0.8651685393258427,0.9871794871794872,0.8651685393258427,0.9166666666666666,0.9625,0.9871794871794872,0.9625,0.927710843373494,NA,0.7260476753142135,0.9401392278033676
LP707,P,0,7,pLP707,L,0.19143454637054863,11.6,1.4146341463414636,1.1958762886597938,1.0175438596491226,0.9430894308943089,1.0943396226415094,1.008695652173913,1.7313432835820894,1.1372549019607843,1.2083333333333333,1.1958762886597938,0.7547237544954035,1.1946986807896112
LP708,L,0,7,lLP708,P,0.15912070947661097,8.4,1.076923076923077,0.9438202247191011,1.076923076923077,0.9438202247191011,1,1.05,1.076923076923077,1.05,1.0120481927710843,NA,0.7260476753142134,1.0256064303309465
LP708,P,0,7,pLP708,L,0.1895434361710111,11.5,1.402439024390244,1.1855670103092784,1.0087719298245614,0.9349593495934959,1.0849056603773586,1,1.716417910447761,1.1274509803921569,1.1979166666666667,1.1855670103092784,0.7472681211365382,1.1843995542310801
LP709,L,0,7,lLP709,P,0.17328679513998635,7.8,1,0.8764044943820224,1,0.8764044943820224,0.9285714285714285,0.975,1,0.975,0.9397590361445782,NA,0.7906857327865975,0.9523488281644502
LP709,P,0,7,pLP709,L,0.1701220691419501,12.7,1.548780487804878,1.309278350515464,1.1140350877192982,1.032520325203252,1.1981132075471699,1.1043478260869564,1.8955223880597014,1.2450980392156863,1.3229166666666667,1.309278350515464,0.6707000861631955,1.3079890729334536
LP710,L,0,7,lLP710,P,0.17328679513998635,8,1.0256410256410258,0.898876404494382,1.0256410256410258,0.898876404494382,0.9523809523809523,1,1.0256410256410258,1,0.9638554216867469,NA,0.7906857327865975,0.9767680288866156
LP710,P,0,7,pLP710,L,0.2047010986750996,12.5,1.524390243902439,1.288659793814433,1.0964912280701753,1.0162601626016259,1.179245283018868,1.0869565217391304,1.8656716417910448,1.2254901960784315,1.3020833333333335,1.288659793814433,0.8070266556923463,1.2873908198163915
PA501,P,0,5,pPA501,A,0.22978493560786856,15.1,1.556701030927835,1.6593406593406594,1.606382978723404,1.4519230769230769,2.126760563380282,1.438095238095238,1.6413043478260871,1.7356321839080462,1.466019417475728,NA,0.9547151065443206,1.6313510551778174
PA501,A,0,5,aPA501,P,0.21864998185115747,6.6,1.9411764705882353,2.0624999999999996,1.2452830188679245,2.0624999999999996,1.1785714285714286,1.2,2.357142857142857,1.4666666666666666,1.65,NA,1.3336568284767047,1.6848711602041235
PA502,P,0,5,pPA502,A,0.2186499818511574,14.9,1.5360824742268042,1.6373626373626375,1.5851063829787233,1.4326923076923077,2.098591549295775,1.4190476190476191,1.6195652173913044,1.7126436781609198,1.4466019417475728,NA,0.9084513750508599,1.6097437564337405
PA502,A,0,5,aPA502,P,0.22907268296853883,7.1,2.088235294117647,2.2187499999999996,1.3396226415094339,2.2187499999999996,1.2678571428571428,1.2909090909090908,2.5357142857142856,1.5777777777777777,1.775,NA,1.3972301542034355,1.8125129147650418
PA503,P,0,5,pPA503,A,0.23713999811073525,14.4,1.4845360824742269,1.5824175824175826,1.5319148936170213,1.3846153846153846,2.028169014084507,1.3714285714285714,1.565217391304348,1.6551724137931036,1.3980582524271845,NA,0.9852740692652173,1.5557255095735478
PA503,A,0,5,aPA503,P,0.21309351152980327,6.1,1.7941176470588234,1.9062499999999998,1.150943396226415,1.9062499999999998,1.0892857142857142,1.1090909090909091,2.1785714285714284,1.3555555555555554,1.525,NA,1.2997651056255832,1.557229405643205
PA504,P,0,5,pPA504,A,0.2204485740326699,15,1.5463917525773196,1.6483516483516485,1.5957446808510638,1.4423076923076923,2.1126760563380285,1.4285714285714286,1.6304347826086958,1.7241379310344829,1.4563106796116503,NA,0.9159242022910792,1.620547405805779
PA504,A,0,5,aPA504,P,0.1732867951399864,6.6,1.9411764705882353,2.0624999999999996,1.2452830188679245,2.0624999999999996,1.1785714285714286,1.2,2.357142857142857,1.4666666666666666,1.65,NA,1.0569638088541342,1.6848711602041235
PA505,P,0,5,pPA505,A,0.23259404258937583,15.3,1.5773195876288661,1.6813186813186816,1.627659574468085,1.4711538461538463,2.154929577464789,1.4571428571428573,1.6630434782608698,1.7586206896551726,1.4854368932038835,NA,0.9663864411513934,1.6529583539218946
PA505,A,0,5,aPA505,P,0.1880096745970343,6,1.7647058823529411,1.875,1.1320754716981132,1.875,1.0714285714285714,1.0909090909090908,2.142857142857143,1.3333333333333333,1.5,NA,1.1467660972261393,1.5317010547310215
PA506,P,0,5,pPA506,A,0.2325940425893759,15,1.5463917525773196,1.6483516483516485,1.5957446808510638,1.4423076923076923,2.1126760563380285,1.4285714285714286,1.6304347826086958,1.7241379310344829,1.4563106796116503,NA,0.9663864411513937,1.620547405805779
PA506,A,0,5,aPA506,P,0.2107998691962787,7,2.058823529411765,2.1875,1.3207547169811322,2.1875,1.25,1.2727272727272727,2.5,1.5555555555555556,1.75,NA,1.285775020951025,1.7869845638528583
PA507,P,0,5,pPA507,A,0.2380296815818433,15.2,1.5670103092783505,1.6703296703296704,1.6170212765957446,1.4615384615384615,2.140845070422535,1.4476190476190476,1.6521739130434783,1.7471264367816093,1.4757281553398056,NA,0.9889705441784342,1.642154704549856
PA507,A,0,5,aPA507,P,0.1925556301183936,7.3,2.1470588235294117,2.28125,1.3773584905660377,2.28125,1.3035714285714286,1.3272727272727272,2.607142857142857,1.6222222222222222,1.825,NA,1.1744941792121664,1.8635696165894093
PA508,P,0,5,pPA508,A,0.2325940425893759,15.4,1.5876288659793816,1.6923076923076925,1.6382978723404256,1.4807692307692308,2.1690140845070425,1.4666666666666668,1.673913043478261,1.770114942528736,1.4951456310679612,NA,0.9663864411513937,1.663762003293933
PA508,A,0,5,aPA508,P,0.19694204509480245,7.9,2.323529411764706,2.46875,1.4905660377358492,2.46875,1.4107142857142858,1.4363636363636365,2.8214285714285716,1.7555555555555555,1.975,NA,1.2012491427218475,2.016739722062512
PA509,P,0,5,pPA509,A,0.22978493560786856,14.4,1.4845360824742269,1.5824175824175826,1.5319148936170213,1.3846153846153846,2.028169014084507,1.3714285714285714,1.565217391304348,1.6551724137931036,1.3980582524271845,NA,0.9547151065443206,1.5557255095735478
PA509,A,0,5,aPA509,P,0.17838954445501828,6.8,2,2.125,1.2830188679245282,2.125,1.2142857142857144,1.2363636363636363,2.428571428571429,1.511111111111111,1.7,NA,1.0880880578038996,1.735927862028491
PA510,P,0,5,pPA510,A,0.21787116313232796,14.1,1.4536082474226806,1.5494505494505495,1.5,1.3557692307692306,1.9859154929577465,1.3428571428571427,1.532608695652174,1.620689655172414,1.3689320388349513,NA,0.905215523256838,1.5233145614574322
PA510,A,0,5,aPA510,P,0.20117973905426265,6.5,1.911764705882353,2.03125,1.2264150943396226,2.03125,1.1607142857142858,1.1818181818181819,2.3214285714285716,1.4444444444444444,1.625,NA,1.227096981528785,1.65934280929194
PA701,P,0,7,pPA701,A,0.21787116313232788,13.7,1.6707317073170733,1.4123711340206186,1.2017543859649122,1.113821138211382,1.2924528301886793,1.191304347826087,2.044776119402985,1.343137254901961,1.4270833333333333,1.4123711340206186,0.8589491570514582,1.410980338518765
PA701,A,0,7,aPA701,P,0.2011797390542626,7.2,1.1612903225806452,1.2413793103448276,2.88,1.090909090909091,1.0140845070422535,2.3225806451612905,1.8,1.3333333333333333,1.0434782608695652,1.1803278688524592,1.332782978876186,1.5067383339093465
PA702,P,0,7,pPA702,A,0.2371399981107352,13,1.5853658536585367,1.3402061855670104,1.1403508771929824,1.056910569105691,1.2264150943396226,1.1304347826086956,1.9402985074626866,1.2745098039215688,1.3541666666666667,1.3402061855670104,0.9349158399484239,1.3388864526090472
PA702,A,0,7,aPA702,P,0.18800967459703433,6.7,1.0806451612903225,1.1551724137931034,2.68,1.0151515151515151,0.943661971830986,2.161290322580645,1.675,1.2407407407407407,0.9710144927536232,1.098360655737705,1.245533448571538,1.402103727387864
PA703,P,0,7,pPA703,A,0.2461800808081885,13.3,1.6219512195121955,1.371134020618557,1.1666666666666667,1.08130081300813,1.2547169811320755,1.1565217391304348,1.9850746268656716,1.3039215686274512,1.3854166666666667,1.371134020618557,0.970556038040802,1.3697838322846405
PA703,A,0,7,aPA703,P,0.18600963192872916,8,1.2903225806451613,1.3793103448275863,3.2,1.2121212121212122,1.1267605633802817,2.5806451612903225,2,1.4814814814814814,1.1594202898550725,1.3114754098360657,1.232283491901576,1.6741537043437185
PA704,P,0,7,pPA704,A,0.22396993365350693,13,1.5853658536585367,1.3402061855670104,1.1403508771929824,1.056910569105691,1.2264150943396226,1.1304347826086956,1.9402985074626866,1.2745098039215688,1.3541666666666667,1.3402061855670104,0.882993338589312,1.3388864526090472
PA704,A,0,7,aPA704,P,0.2107998691962787,7.4,1.1935483870967742,1.2758620689655173,2.96,1.1212121212121213,1.0422535211267607,2.3870967741935485,1.85,1.3703703703703702,1.0724637681159421,1.213114754098361,1.3965147729829201,1.5485921765179396
PA705,P,0,7,pPA705,A,0.25676546671194334,13.1,1.5975609756097562,1.3505154639175259,1.1491228070175439,1.065040650406504,1.2358490566037736,1.1391304347826086,1.9552238805970148,1.2843137254901962,1.3645833333333333,1.3505154639175259,1.012288537965871,1.3491855791675782
PA705,A,0,7,aPA705,P,0.1899782192180517,7.3,1.1774193548387095,1.2586206896551724,2.92,1.1060606060606062,1.028169014084507,2.354838709677419,1.825,1.3518518518518516,1.0579710144927534,1.1967213114754098,1.2585747358124095,1.527665255213643
PA706,P,0,7,pPA706,A,0.2371399981107352,13.6,1.6585365853658538,1.4020618556701032,1.1929824561403508,1.105691056910569,1.2830188679245282,1.182608695652174,2.029850746268657,1.3333333333333335,1.4166666666666667,1.4020618556701032,0.9349158399484239,1.4006812119602339
PA706,A,0,7,aPA706,P,0.19694204509480245,7.5,1.2096774193548387,1.293103448275862,3,1.1363636363636365,1.0563380281690142,2.4193548387096775,1.875,1.3888888888888888,1.0869565217391304,1.2295081967213115,1.3047089471401594,1.569519097822236
PA707,P,0,7,pPA707,A,0.22396993365350693,13.1,1.5975609756097562,1.3505154639175259,1.1491228070175439,1.065040650406504,1.2358490566037736,1.1391304347826086,1.9552238805970148,1.2843137254901962,1.3645833333333333,1.3505154639175259,0.882993338589312,1.3491855791675782
PA707,A,0,7,aPA707,P,0.18329213359917845,6.9,1.1129032258064517,1.1896551724137931,2.7600000000000002,1.0454545454545456,0.9718309859154931,2.2258064516129035,1.725,1.2777777777777777,1,1.1311475409836067,1.214280508421352,1.443957569996457
PA708,P,0,7,pPA708,A,0.21787116313232796,12.5,1.524390243902439,1.288659793814433,1.0964912280701753,1.0162601626016259,1.179245283018868,1.0869565217391304,1.8656716417910448,1.2254901960784315,1.3020833333333335,1.288659793814433,0.8589491570514586,1.2873908198163915
PA708,A,0,7,aPA708,P,0.23397527211269892,7.1,1.1451612903225805,1.2241379310344827,2.84,1.0757575757575757,1,2.290322580645161,1.775,1.3148148148148147,1.0289855072463767,1.1639344262295082,1.5500480397065206,1.48581141260505
PA709,P,0,7,pPA709,A,0.22978493560786856,13.5,1.6463414634146343,1.3917525773195878,1.1842105263157894,1.097560975609756,1.2735849056603774,1.173913043478261,2.014925373134328,1.323529411764706,1.40625,1.3917525773195878,0.9059187728466112,1.3903820854017028
PA709,A,0,7,aPA709,P,0.2239699336535069,7.2,1.1612903225806452,1.2413793103448276,2.88,1.090909090909091,1.0140845070422535,2.3225806451612905,1.8,1.3333333333333333,1.0434782608695652,1.1803278688524592,1.4837643032875678,1.5067383339093465
PA710,P,0,7,pPA710,A,0.2380296815818433,13,1.5853658536585367,1.3402061855670104,1.1403508771929824,1.056910569105691,1.2264150943396226,1.1304347826086956,1.9402985074626866,1.2745098039215688,1.3541666666666667,1.3402061855670104,0.9384233847586876,1.3388864526090472
PA710,A,0,7,aPA710,P,0.16796684333763684,6.7,1.0806451612903225,1.1551724137931034,2.68,1.0151515151515151,0.943661971830986,2.161290322580645,1.675,1.2407407407407407,0.9710144927536232,1.098360655737705,1.112752958465586,1.402103727387864
Av501,A,v,5,AAv501,A,0.14733187454270583,3.4,NA,NA,NA,NA,NA,NA,NA,NA,NA,NA,NA,NA
Av502,A,v,5,AAv502,A,0.1264501139598101,3.2,NA,NA,NA,NA,NA,NA,NA,NA,NA,NA,NA,NA
Av503,A,v,5,AAv503,A,0.2280686615063809,5.3,NA,NA,NA,NA,NA,NA,NA,NA,NA,NA,NA,NA
Av504,A,v,5,AAv504,A,0.18800967459703435,3.2,NA,NA,NA,NA,NA,NA,NA,NA,NA,NA,NA,NA
Av505,A,v,5,AAv505,A,0.20727850957544164,5.6,NA,NA,NA,NA,NA,NA,NA,NA,NA,NA,NA,NA
Av506,A,v,5,AAv506,A,0.17938556566116542,5.5,NA,NA,NA,NA,NA,NA,NA,NA,NA,NA,NA,NA
Av507,A,v,5,AAv507,A,0.10943359216923758,2.8,NA,NA,NA,NA,NA,NA,NA,NA,NA,NA,NA,NA
Av508,A,v,5,AAv508,A,0.15659537106192106,4.5,NA,NA,NA,NA,NA,NA,NA,NA,NA,NA,NA,NA
Av509,A,v,5,AAv509,A,0.21864998185115747,4,NA,NA,NA,NA,NA,NA,NA,NA,NA,NA,NA,NA
Av701,A,v,7,AAv701,A,0.1808648728670408,6.2,NA,NA,NA,NA,NA,NA,NA,NA,NA,NA,NA,NA
Av702,A,v,7,AAv702,A,0.16687513334154253,5.8,NA,NA,NA,NA,NA,NA,NA,NA,NA,NA,NA,NA
Av703,A,v,7,AAv703,A,0.12260365662646584,2.5,NA,NA,NA,NA,NA,NA,NA,NA,NA,NA,NA,NA
Av704,A,v,7,AAv704,A,0.16796684333763684,6.6,NA,NA,NA,NA,NA,NA,NA,NA,NA,NA,NA,NA
Av705,A,v,7,AAv705,A,0.13732653608351378,7.1,NA,NA,NA,NA,NA,NA,NA,NA,NA,NA,NA,NA
Av706,A,v,7,AAv706,A,0.1601167306827581,3.1,NA,NA,NA,NA,NA,NA,NA,NA,NA,NA,NA,NA
Av707,A,v,7,AAv707,A,0.12870242714764485,4,NA,NA,NA,NA,NA,NA,NA,NA,NA,NA,NA,NA
Av708,A,v,7,AAv708,A,0.1529719289527645,5.4,NA,NA,NA,NA,NA,NA,NA,NA,NA,NA,NA,NA
Av709,A,v,7,AAv709,A,0.1601167306827581,6.9,NA,NA,NA,NA,NA,NA,NA,NA,NA,NA,NA,NA
Av710,A,v,7,AAv710,A,0.1529719289527645,6.1,NA,NA,NA,NA,NA,NA,NA,NA,NA,NA,NA,NA
Cv501,C,v,5,CCv501,C,0.06995197349192793,4.1,NA,NA,NA,NA,NA,NA,NA,NA,NA,NA,NA,NA
Cv502,C,v,5,CCv502,C,0.05068313851352057,4.2,NA,NA,NA,NA,NA,NA,NA,NA,NA,NA,NA,NA
Cv503,C,v,5,CCv503,C,0.12260365662646588,4.1,NA,NA,NA,NA,NA,NA,NA,NA,NA,NA,NA,NA
Cv504,C,v,5,CCv504,C,0.08664339756999323,4.1,NA,NA,NA,NA,NA,NA,NA,NA,NA,NA,NA,NA
Cv505,C,v,5,CCv505,C,0.08664339756999323,4.2,NA,NA,NA,NA,NA,NA,NA,NA,NA,NA,NA,NA
Cv506,C,v,5,CCv506,C,0.08664339756999323,4.3,NA,NA,NA,NA,NA,NA,NA,NA,NA,NA,NA,NA
Cv507,C,v,5,CCv507,C,0.10591223254840056,4.1,NA,NA,NA,NA,NA,NA,NA,NA,NA,NA,NA,NA
Cv508,C,v,5,CCv508,C,0.10136627702704117,4.2,NA,NA,NA,NA,NA,NA,NA,NA,NA,NA,NA,NA
Cv509,C,v,5,CCv509,C,0.12260365662646588,4.1,NA,NA,NA,NA,NA,NA,NA,NA,NA,NA,NA,NA
Cv510,C,v,5,CCv510,C,0.1373265360835138,4.4,NA,NA,NA,NA,NA,NA,NA,NA,NA,NA,NA,NA
Cv701,C,v,7,CCv701,C,0.1373265360835138,5.6,NA,NA,NA,NA,NA,NA,NA,NA,NA,NA,NA,NA
Cv702,C,v,7,CCv702,C,0.1565953710619211,5.8,NA,NA,NA,NA,NA,NA,NA,NA,NA,NA,NA,NA
Cv703,C,v,7,CCv703,C,0.18329213359917845,6.2,NA,NA,NA,NA,NA,NA,NA,NA,NA,NA,NA,NA
Cv704,C,v,7,CCv704,C,0.11453634148426946,5.7,NA,NA,NA,NA,NA,NA,NA,NA,NA,NA,NA,NA
Cv705,C,v,7,CCv705,C,0.10136627702704117,5,NA,NA,NA,NA,NA,NA,NA,NA,NA,NA,NA,NA
Cv706,C,v,7,CCv706,C,0.18329213359917856,5.5,NA,NA,NA,NA,NA,NA,NA,NA,NA,NA,NA,NA
Cv707,C,v,7,CCv707,C,0.10136627702704117,5.2,NA,NA,NA,NA,NA,NA,NA,NA,NA,NA,NA,NA
Cv708,C,v,7,CCv708,C,0.18329213359917845,5.7,NA,NA,NA,NA,NA,NA,NA,NA,NA,NA,NA,NA
Cv709,C,v,7,CCv709,C,0.14733187454270583,5.3,NA,NA,NA,NA,NA,NA,NA,NA,NA,NA,NA,NA
Cv710,C,v,7,CCv710,C,0.16241037301628275,6,NA,NA,NA,NA,NA,NA,NA,NA,NA,NA,NA,NA
Hv501,H,v,5,HHv501,H,0.10262256900872883,4.3,NA,NA,NA,NA,NA,NA,NA,NA,NA,NA,NA,NA
Hv502,H,v,5,HHv502,H,0.11728370482411628,4,NA,NA,NA,NA,NA,NA,NA,NA,NA,NA,NA,NA
Hv503,H,v,5,HHv503,H,0.12117506964851292,5.1,NA,NA,NA,NA,NA,NA,NA,NA,NA,NA,NA,NA
Hv504,H,v,5,HHv504,H,0.10591223254840049,3.1,NA,NA,NA,NA,NA,NA,NA,NA,NA,NA,NA,NA
Hv505,H,v,5,HHv505,H,0.11172723450276206,4.3,NA,NA,NA,NA,NA,NA,NA,NA,NA,NA,NA,NA
Hv506,H,v,5,HHv506,H,0.09981346202722148,3.6,NA,NA,NA,NA,NA,NA,NA,NA,NA,NA,NA,NA
Hv507,H,v,5,HHv507,H,0.1277064059414977,4.6,NA,NA,NA,NA,NA,NA,NA,NA,NA,NA,NA,NA
Hv509,H,v,5,HHv509,H,0.09136093856784908,4.6,NA,NA,NA,NA,NA,NA,NA,NA,NA,NA,NA,NA
Hv510,H,v,5,HHv510,H,0.08664339756999317,5.5,NA,NA,NA,NA,NA,NA,NA,NA,NA,NA,NA,NA
Hv701,H,v,7,HHv701,H,0.2518628775677831,11.1,NA,NA,NA,NA,NA,NA,NA,NA,NA,NA,NA,NA
Hv702,H,v,7,HHv702,H,0.2599301927099795,10.7,NA,NA,NA,NA,NA,NA,NA,NA,NA,NA,NA,NA
Hv703,H,v,7,HHv703,H,0.26602896323115854,10,NA,NA,NA,NA,NA,NA,NA,NA,NA,NA,NA,NA
Hv704,H,v,7,HHv704,H,0.2511029968082353,10.2,NA,NA,NA,NA,NA,NA,NA,NA,NA,NA,NA,NA
Hv705,H,v,7,HHv705,H,0.2760343016903506,11.2,NA,NA,NA,NA,NA,NA,NA,NA,NA,NA,NA,NA
Hv706,H,v,7,HHv706,H,0.24905377058627587,10.8,NA,NA,NA,NA,NA,NA,NA,NA,NA,NA,NA,NA
Hv707,H,v,7,HHv707,H,0.22544924085938223,10.8,NA,NA,NA,NA,NA,NA,NA,NA,NA,NA,NA,NA
Hv708,H,v,7,HHv708,H,0.28067833489426214,10.6,NA,NA,NA,NA,NA,NA,NA,NA,NA,NA,NA,NA
Hv709,H,v,7,HHv709,H,0.22978493560786856,10.2,NA,NA,NA,NA,NA,NA,NA,NA,NA,NA,NA,NA
Hv710,H,v,7,HHv710,H,0.21309351152980316,11,NA,NA,NA,NA,NA,NA,NA,NA,NA,NA,NA,NA
Lv501,L,v,5,LLv501,L,0.17328679513998638,5.1,NA,NA,NA,NA,NA,NA,NA,NA,NA,NA,NA,NA
Lv502,L,v,5,LLv502,L,0.21864998185115747,4.4,NA,NA,NA,NA,NA,NA,NA,NA,NA,NA,NA,NA
Lv503,L,v,5,LLv503,L,0.19075703793688123,5,NA,NA,NA,NA,NA,NA,NA,NA,NA,NA,NA,NA
Lv504,L,v,5,LLv504,L,0.22396993365350695,4.6,NA,NA,NA,NA,NA,NA,NA,NA,NA,NA,NA,NA
Lv505,L,v,5,LLv505,L,0.2699355311691716,5.2,NA,NA,NA,NA,NA,NA,NA,NA,NA,NA,NA,NA
Lv506,L,v,5,LLv506,L,0.16687513334154253,4.1,NA,NA,NA,NA,NA,NA,NA,NA,NA,NA,NA,NA
Lv507,L,v,5,LLv507,L,0.24323876863191432,5.1,NA,NA,NA,NA,NA,NA,NA,NA,NA,NA,NA,NA
Lv508,L,v,5,LLv508,L,0.20117973905426265,4.6,NA,NA,NA,NA,NA,NA,NA,NA,NA,NA,NA,NA
Lv509,L,v,5,LLv509,L,0.1601167306827581,5,NA,NA,NA,NA,NA,NA,NA,NA,NA,NA,NA,NA
Lv510,L,v,5,LLv510,L,0.2011797390542626,5.5,NA,NA,NA,NA,NA,NA,NA,NA,NA,NA,NA,NA
Lv701,L,v,7,LLv701,L,0.23713999811073536,7.8,NA,NA,NA,NA,NA,NA,NA,NA,NA,NA,NA,NA
Lv702,L,v,7,LLv702,L,0.21309351152980327,8.9,NA,NA,NA,NA,NA,NA,NA,NA,NA,NA,NA,NA
Lv703,L,v,7,LLv703,L,0.2546102409076301,7.8,NA,NA,NA,NA,NA,NA,NA,NA,NA,NA,NA,NA
Lv704,L,v,7,LLv704,L,0.27465307216702756,8.9,NA,NA,NA,NA,NA,NA,NA,NA,NA,NA,NA,NA
Lv706,L,v,7,LLv706,L,0.23072833631229145,8.4,NA,NA,NA,NA,NA,NA,NA,NA,NA,NA,NA,NA
Lv707,L,v,7,LLv707,L,0.18329213359917845,8,NA,NA,NA,NA,NA,NA,NA,NA,NA,NA,NA,NA
Lv708,L,v,7,LLv708,L,0.21309351152980327,7.8,NA,NA,NA,NA,NA,NA,NA,NA,NA,NA,NA,NA
Lv709,L,v,7,LLv709,L,0.2011797390542626,8,NA,NA,NA,NA,NA,NA,NA,NA,NA,NA,NA,NA
Lv710,L,v,7,LLv710,L,0.19476807725581877,8.3,NA,NA,NA,NA,NA,NA,NA,NA,NA,NA,NA,NA
Pv501,P,v,5,PPv501,P,0.2599301927099796,9.7,NA,NA,NA,NA,NA,NA,NA,NA,NA,NA,NA,NA
Pv503,P,v,5,PPv503,P,0.25993019270997963,9.1,NA,NA,NA,NA,NA,NA,NA,NA,NA,NA,NA,NA
Pv504,P,v,5,PPv504,P,0.2501850000262656,9.4,NA,NA,NA,NA,NA,NA,NA,NA,NA,NA,NA,NA
Pv505,P,v,5,PPv505,P,0.208125970448614,10.4,NA,NA,NA,NA,NA,NA,NA,NA,NA,NA,NA,NA
Pv506,P,v,5,PPv506,P,0.22907268296853883,7.1,NA,NA,NA,NA,NA,NA,NA,NA,NA,NA,NA,NA
Pv507,P,v,5,PPv507,P,0.24676012825275132,10.5,NA,NA,NA,NA,NA,NA,NA,NA,NA,NA,NA,NA
Pv508,P,v,5,PPv508,P,0.22739480542702128,9.2,NA,NA,NA,NA,NA,NA,NA,NA,NA,NA,NA,NA
Pv509,P,v,5,PPv509,P,0.25186287756778325,8.7,NA,NA,NA,NA,NA,NA,NA,NA,NA,NA,NA,NA
Pv510,P,v,5,PPv510,P,0.24323876863191424,10.3,NA,NA,NA,NA,NA,NA,NA,NA,NA,NA,NA,NA
Pv701,P,v,7,PPv701,P,0.28782313662425585,8.2,NA,NA,NA,NA,NA,NA,NA,NA,NA,NA,NA,NA
Pv702,P,v,7,PPv702,P,0.25676546671194334,9.7,NA,NA,NA,NA,NA,NA,NA,NA,NA,NA,NA,NA
Pv703,P,v,7,PPv703,P,0.25351853091153576,11.4,NA,NA,NA,NA,NA,NA,NA,NA,NA,NA,NA,NA
Pv704,P,v,7,PPv704,P,0.22163341702698783,12.3,NA,NA,NA,NA,NA,NA,NA,NA,NA,NA,NA,NA
Pv705,P,v,7,PPv705,P,0.2599301927099796,10.6,NA,NA,NA,NA,NA,NA,NA,NA,NA,NA,NA,NA
Pv706,P,v,7,PPv706,P,0.2599301927099796,11.5,NA,NA,NA,NA,NA,NA,NA,NA,NA,NA,NA,NA
Pv707,P,v,7,PPv707,P,0.19607698973923068,6.7,NA,NA,NA,NA,NA,NA,NA,NA,NA,NA,NA,NA
Pv708,P,v,7,PPv708,P,0.3106133312235002,10.2,NA,NA,NA,NA,NA,NA,NA,NA,NA,NA,NA,NA
Pv709,P,v,7,PPv709,P,0.2599301927099796,9.6,NA,NA,NA,NA,NA,NA,NA,NA,NA,NA,NA,NA
Pv710,P,v,7,PPv710,P,0.26750827043703396,9.7,NA,NA,NA,NA,NA,NA,NA,NA,NA,NA,NA,NA
