Plate_ID,Plug_ID,r,r.pval,r.R2,r.F,K
CA501,c,0.12260365662646588,0.1491522956025973,0.946106202116306,17.55501076688005,4.1
CA501,a,0.1793855656611654,0.08046474128148037,0.9841095173773998,61.93075067322057,3.5
CA502,c,0.2011797390542627,0.050851594066975446,0.9936331438032058,156.06338718683722,3.1
CA502,a,0.21682513192351333,0.09726351507366558,0.9768389667838802,42.17596674849587,7.5
CA503,c,0.1732867951399864,1.4420485744973417e-16,1,1948948964719584e16,3.7
CA503,a,0.18800967459703433,0.01033655794216461,0.9997363951014048,3792.5562098024566,6.4
CA504,c,0.13732653608351378,0.025734120952892257,0.9983668658222811,611.3195593130695,3.5
CA504,a,0.20924705419645898,0.0045272709036932104,0.9999494285509014,19773.00327306473,7.3
CA505,c,0.13732653608351378,0.025734120952892257,0.9983668658222811,611.3195593130695,2.2
CA505,a,0.2204485740326699,0.08977497312869012,0.9802453382212948,49.620962849283856,7.6
CA506,c,0.13732653608351378,0.025734120952892257,0.9983668658222811,611.3195593130695,3.8
CA506,a,0.19607698973923066,0.0019445404099028938,0.9999906701996798,107182.43005080003,5.5
CA507,c,0.12260365662646587,0.015294551232552292,0.9994229284366427,1731.887328882136,4.3
CA507,a,0.1473318745427058,0.13609754126165102,0.954989474406072,21.217025613557848,4.3
CA508,c,0.18800967459703433,0.07985532619932746,0.9843480460824007,62.88978687674134,4.5
CA508,a,0.16687513334154253,0.014119758059733624,0.9995081609005754,2032.1852452762923,3.8
CA509,c,0.13732653608351383,0.17083596424776093,0.9297010927505349,13.224972181308106,5
CA509,a,0.1808648728670407,0.14388855162761752,0.9497791208812821,18.912036936591388,3.1
CA510,c,0.13732653608351383,0.17083596424776093,0.9297010927505349,13.224972181308106,4.3
CA510,a,0.16241037301628267,0.024602288781779162,0.9985072930045574,668.9238384044044,5.2
CA701,c,0.21309351152980333,0.027544342399256214,0.998129173319362,533.5230588966078,4.4
CA701,a,0.18600963192872916,0.07048287297172945,0.9877923589960023,80.91590821457855,13
CA702,c,0.24323876863191418,0.04738175991936266,0.9944708283513136,179.85891767125287,4.3
CA702,a,0.21787116313232793,0.0950788245363922,0.9778600854696649,44.16729270250076,16.1
CA703,c,0.18329213359917843,0.05706209276006195,0.9919874309757234,123.80391706707077,5
CA703,a,0.17938556566116537,0.12043916153847466,0.9646338559854116,27.27562992413041,11.1
CA704,c,0.18329213359917848,0.1226183147758083,0.9633584954194095,26.29145572613077,3.9
CA704,a,0.1960769897392307,0.1447464408879942,0.9491888686530021,18.68072690944094,11.3
CA705,c,0.2239699336535069,0.19487819673709966,0.9091848434329596,10.011377811828048,3.6
CA705,a,0.16687513334154255,0.11330395171143062,0.9686570802361261,30.905132244654762,5.5
CA706,c,0.1732867951399864,0.08129610656297384,0.9837812546499426,60.65705043247758,3.8
CA706,a,0.19075703793688117,0.05403279541092226,0.9928135975189443,138.15168300636105,6.4
CA707,c,0.1504966005407421,0.05551852292595291,0.9924139744129267,130.821332332971,2.9
CA707,a,0.19255563011839363,0.1777425626134226,0.924053358418224,12.16713918051588,11.6
CA708,c,0.1925556301183937,0.036739751474706,0.996673174768494,299.5868749971338,3.5
CA708,a,0.2239699336535069,0.1439157534632502,0.9497604553754687,18.90463901441718,10.1
CA709,c,0.1732867951399864,7.210242872486709e-17,1,7795795858878337e16,4
CA709,a,0.20608232819842276,0.05832783183788993,0.9916290285385435,118.46044788283278,11.7
CH501,c,0.12645011395981,0.07259489703464965,0.9870530130187399,76.23804785217132,6.1
CH501,h,0.07433838846833657,0.026066916679361746,0.9983243768142341,595.792887860959,5.3
CH502,c,0.12645011395981,0.07259489703464965,0.9870530130187399,76.23804785217132,5.8
CH502,h,0.09219986789134739,0.06605562717347546,0.9892724566306726,92.21798715437947,4.5
CH503,c,0.13732653608351375,0.09552373653469019,0.9776539585182623,43.750655314823675,6.6
CH503,h,0.09102981254640191,0.00751415100155825,0.9998606909205454,7177.283023015503,4.7
CH504,c,0.1504966005407421,0.05551852292595291,0.9924139744129267,130.821332332971,5.7
CH504,h,0.09136093856784906,0.04019879054248665,0.9960181174356099,250.13749183438574,5.1
CH505,c,0.1504966005407421,0.05551852292595291,0.9924139744129267,130.821332332971,5.7
CH505,h,0.11453634148426942,0.0809664659378805,0.9839118074841265,61.1573864816291,4.1
CH506,c,0.1504966005407421,0.05551852292595252,0.9924139744129269,130.82133233297296,5.6
CH506,h,0.08023173577154935,0.09608394874647437,0.9773930859710369,43.234255003528666,4.1
CH507,c,0.1624103730162827,0.02460228878177931,0.9985072930045574,668.923838404396,5.6
CH507,h,0.1102986475248092,0.09787638844143723,0.9765484747570821,41.64114976069575,5.9
CH510,c,0.13732653608351375,0.09552373653469019,0.9776539585182623,43.750655314823675,7.4
CH510,h,0.08664339756999317,0.02242225050245113,0.998760008906586,805.4574054695612,5.5
CH701,c,0.14539385122571014,0.003925433900337652,0.9999619802210459,26301.099262817796,3
CH701,h,0.1668751333415425,0.0982168864134082,0.9763863207748353,41.34833506734168,19.9
CH702,c,0.14733187454270583,0.0645285021753777,0.9897610578810512,96.66633978224472,2.8
CH702,h,0.14887320109989047,0.1656388059369868,0.9338177228624681,14.109785326998086,19.9
CH704,c,0.14733187454270583,0.0645285021753777,0.9897610578810512,96.66633978224472,2.6
CH704,h,0.16664806697574278,0.06865365523570896,0.9884153514078898,85.32113370111674,20
CH705,c,0.16241037301628267,0.1107001416313714,0.9700667096107758,32.40762031159783,2
CH705,h,0.17328679513998627,0.17395698860115336,0.9271738319259496,12.731327988906264,20.2
CH706,c,0.10943359216923751,0.12438705706299585,0.9623073604585025,25.53037866714156,3
CH706,h,0.1697654355191492,0.13053765723214877,0.9585412471464952,23.12035893924542,19.1
CH707,c,0.10136627702704114,0,1,Inf,2.2
CH707,h,0.17448297651700506,0.1511182516552445,0.9447030595677651,17.08418317873259,19
CH708,c,0.12260365662646587,0.015294551232552292,0.9994229284366427,1731.887328882136,1.7
CH708,h,0.1643544246422182,0.12353865811524192,0.9628133336029223,25.891359104955598,20.5
CH709,c,0.18329213359917843,0.17838446776442535,0.9235182723480172,12.07501844820153,2.8
CH709,h,0.16281555975680398,0.11509562378290082,0.9676689004495067,29.929971881662816,19.5
CH710,c,0.13732653608351378,0.025734120952892528,0.9983668658222808,611.3195593130562,3.2
CH710,h,0.1697654355191492,0.13053765723214877,0.9585412471464952,23.12035893924542,19.1
CL503,c,0.1732867951399864,7.210242872486709e-17,1,7795795858878337e16,8.8
CL503,l,0.13200658428116424,0.021980287394794414,0.998808390632428,838.2011906028428,5
CL504,c,0.1624103730162827,0.02460228878177931,0.9985072930045574,668.923838404396,8.8
CL504,l,0.1473318745427058,0.06452850217537771,0.9897610578810512,96.66633978224472,5.8
CL505,c,0.1624103730162827,0.02460228878177931,0.9985072930045574,668.923838404396,1.7
CL505,l,0.13122776556233473,0.009862099923956792,0.9997600372612927,4166.313664559008,10.2
CL506,c,0.1504966005407421,0.05551852292595291,0.9924139744129267,130.821332332971,8.1
CL506,l,0.12645011395981,0.03905718510772272,0.9962407891895668,265.013280560006,5.5
CL508,c,0.1473318745427058,0.018525410114502826,0.9991534495837978,1180.264554196538,9.3
CL508,l,0.16796684333763684,0.055290184398037234,0.9924760895863894,131.90961016641438,5.4
CL702,c,0.1732867951399864,7.210242872486709e-17,1,7795795858878337e16,6.2
CL702,l,0.12063511200544838,0.002260243981692213,0.9999873948339141,79331.55247700491,13.1
CL703,c,0.15659537106192103,0.0391279076104403,0.9962271801011228,264.0537334945615,5.8
CL703,l,0.14242928539854563,0.079219355112251,0.9845950758746521,63.91430868877564,12.4
CL704,c,0.15659537106192106,0.10726412427184104,0.9718787173825543,34.56025568263465,4.8
CL704,l,0.11172723450276208,0.10469171485038746,0.9731993155711894,36.31247993521412,11.6
CL705,c,0.2011797390542627,0.08001376836790647,0.9842862016200442,62.63833720022645,6.3
CL705,l,0.16098178603832977,0.008743217142624328,0.9998113942288348,5301.0646919870405,12.2
CL706,c,0.1925556301183937,0.09967953827498163,0.9756835701373545,40.12445805772593,6.5
CL706,l,0.1732867951399863,0.1020706808854227,0.974513089331267,38.235826303059596,12.6
CL707,c,0.17328679513998635,0.06225714738594129,0.9904669189638351,103.89788099003653,5.5
CL707,l,0.17838954445501828,0.030692389979031412,0.9976774522069988,429.5616457122815,12.8
CL708,c,0.12645011395981004,0.03905718510772281,0.9962407891895668,265.01328056000466,5
CL708,l,0.12770640594149768,0.04635508123171114,0.9947074279678182,187.94405100572104,13.8
CL709,c,0.17328679513998638,0,1,Inf,6.4
CL709,l,0.16098178603832977,0.008743217142624328,0.9998113942288348,5301.0646919870405,12.6
CL710,c,0.20924705419645906,0.11366541568048882,0.96845891280528,30.704677579008738,4.7
CL710,l,0.1373265360835137,0.04262502812279845,0.9955236912620984,222.39835309679302,13.3
CP502,c,0.13732653608351378,0.23436278146699444,0.8704884515192183,6.721319154394872,1.8
CP502,p,0.2718439651855201,0.08322440877876965,0.9830071683626438,57.84834389823822,14.4
CP503,c,0.12260365662646588,0.1491522956025973,0.946106202116306,17.55501076688005,3.7
CP503,p,0.2660289632311586,0.055010142141006406,0.9925519237839745,133.2628580852012,16.8
CP504,c,0.10591223254840053,0.1166402455405271,0.9668050847016969,29.12509569654236,2.5
CP504,p,0.20846335256975954,0.06997768403383352,0.9879660265279643,82.09807249648499,17.3
CP505,c,0.10591223254840053,0.1166402455405271,0.9668050847016969,29.12509569654236,2.9
CP505,p,0.24576410704660415,0.043138753519244434,0.9954153084994938,217.11718408743195,18.9
CP506,c,0.15659537106192106,0.16623111545990257,0.933354377535985,14.004736440715917,3
CP506,p,0.26993553116917157,0.07439293138889555,0.9864066849688891,72.5655723207552,19.5
CP507,c,0.08664339756999322,0.062257147385940986,0.9904669189638351,103.89788099003746,3
CP507,p,0.22978493560786858,0.05214136088404531,0.9933068100102589,148.40559008973918,18.1
CP508,c,0.10591223254840054,0.0752805655990026,0.9860818893161094,70.84883226697153,3.3
CP508,p,0.22396993365350693,0.028372362240013358,0.9980150791668515,502.79843029496095,18.1
CP509,c,0.13732653608351383,0.17083596424776093,0.9297010927505349,13.224972181308106,2.9
CP509,p,0.2530477205621011,0.013662775898557928,0.9995394773816527,2170.446005385637,20
CP510,c,0.06385320297074891,0.0463550812317115,0.9947074279678182,187.94405100571797,1.2
CP510,p,0.24576410704660412,0.06041612773356173,0.9910207235512486,110.36754789847718,19.8
CP701,c,0.233975272112699,0.06368758571591213,0.9900252957208854,99.25359870506007,4.6
CP701,p,0.19755629694510612,0.07143767543391531,0.9874607737224284,78.74973717386763,14
CP702,c,0.22396993365350695,0.14391575346325025,0.9497604553754685,18.904639014417153,4.4
CP702,p,0.21682513192351333,0.07347630244083198,0.9867381203604142,74.40409257033704,15.1
CP703,c,0.16241037301628267,0.1107001416313714,0.9700667096107758,32.40762031159783,4.8
CP703,p,0.2432387686319142,0.07154735704371656,0.9874224024118848,78.50643936525049,14.2
CP704,c,0.22396993365350695,0.14391575346325025,0.9497604553754685,18.904639014417153,5.2
CP704,p,0.23203724879570337,0.06725318727498289,0.9888814202629331,88.93954476633633,13.6
CP705,c,0.1624103730162827,0.02460228878177931,0.9985072930045574,668.923838404396,4.9
CP705,p,0.2047010986750996,0.030724507078455927,0.9976725927240815,428.6626595383161,15.2
CP706,c,0.1504966005407421,0.05551852292595252,0.9924139744129269,130.82133233297296,4.5
CP706,p,0.1832921335991784,0.007041197615988493,0.99987767503182845,8173.945924349155,14.5
CP707,c,0.1624103730162827,0.02460228878177931,0.9985072930045574,668.923838404396,4.2
CP707,p,0.15796150487844474,0.035622414129491166,0.9968722420183825,318.7178317111548,15.3
CP708,c,0.18329213359917843,0.05706209276006195,0.9919874309757234,123.80391706707077,5.4
CP708,p,0.21682513192351333,0.11951634164590846,0.9651673809931266,27.70872270048584,13.8
CP709,c,0.16241037301628272,0.07814405745662635,0.9850083520232905,65.70380745022624,4.1
CP709,p,0.2147064371342917,0.012186035406113377,0.9996336370210283,2728.5334337721993,16
CP710,c,0.1504966005407421,0.05551852292595291,0.9924139744129267,130.821332332971,4.7
CP710,p,0.18800967459703427,0.05506986246780703,0.9925357837648314,132.97253891016376,14.5
HA501,h,0.12711678220673037,0.15152490553753298,0.9444107033633387,16.989074525193676,9
HA501,a,0.1601167306827581,0.08443056316631452,0.9825139637234221,56.188489385640885,4.7
HA502,h,0.13732653608351367,0.13726385023747148,0.9542267609130441,20.846826223075198,9.1
HA502,a,0.1793855656611654,0.08046474128148037,0.9841095173773998,61.93075067322057,5.2
HA503,h,0.10496883184397755,0.060805037994930713,0.9909051016762253,108.95175145454014,8.4
HA503,a,0.11091289937511288,0.07858885338691755,0.9848380716606666,64.9546713069327,4.7
HA504,h,0.10680191601950845,0.11272564161426753,0.9689728734127832,31.2298617369227,8.9
HA504,a,0.1732867951399864,0.09594588136410132,0.9774575167858888,43.36068513401464,5
HA505,h,0.10479114880055541,0.09065000283411034,0.979860985869026,48.6548636143012,6.8
HA505,a,0.17328679513998635,0.08129610656297377,0.9837812546499427,60.657050432477696,7.2
HA506,h,0.11172723450276202,0.12915191750572108,0.9594047499784607,23.63342384809589,8.9
HA506,a,0.1668751333415425,0.06636226551240759,0.9891729901538159,91.3616043770789,5
HA507,h,0.11285846394275181,0.13840454067738475,0.9534749020016482,20.493775252991952,7.7
HA507,a,0.15049660054074201,0.10360657580098952,0.973747130452376,37.09107412757123,5.1
HA508,h,0.13232586925680132,0.16844734754700633,0.9316073901922336,13.62146279854997,9.8
HA508,a,0.2107998691962787,0.11022037090547662,0.9703230149689825,32.69614531108307,5.6
HA509,h,0.10777793882548492,0.10223601960467532,0.9744311643535839,38.11011098935851,8.5
HA509,a,0.1565953710619211,0.16623111545990246,0.9333543775359852,14.004736440715932,5.1
HA510,h,0.09526750650586209,0.11016166436346836,0.9703543040935332,32.731709424364084,6.2
HA510,a,0.1668751333415425,0.06636226551240759,0.9891729901538159,91.3616043770789,4.8
HA701,h,0.17328679513998635,0.1090256346340844,0.9709566280290248,33.43126373202673,17.5
HA701,a,0.1925556301183936,0.09967953827498154,0.9756835701373545,40.12445805772601,5.6
HA702,h,0.20242353041090858,0.17657141218096578,0.9250251734347696,12.337810113238065,18.1
HA702,a,0.16521947999778994,0.13976046798031164,0.9525736001430335,20.085302764196832,5.1
HA703,h,0.1732867951399864,0.17249062221920394,0.9283663570739332,12.959921053185898,17.5
HA703,a,0.156595371061921,0.24006044939078386,0.8644193068710424,6.37568142573847,5.9
HA704,h,0.16640432299210786,0.15825171474814548,0.9394697165843046,15.520656166970817,19.7
HA704,a,0.13732653608351378,0.03798082518375491,0.9964448885585793,280.28513451054664,3.9
HA705,h,0.15717008471799965,0.11564640479344343,0.9673621433914679,29.639266910026844,19.4
HA705,a,0.15401796016157906,0.1584626099418883,0.9393116247906523,15.477620245235592,4.8
HA706,h,0.16838420599582607,0.14637474995136895,0.948059575531118,18.252826872816748,18
HA706,a,0.1640232986207711,0.127782890274293,0.960249288825997,24.15678262013089,4.9
HP501,h,0.08664339756999313,0.03487360045155682,0.9970022260659147,332.5808576590146,4.8
HP501,p,0.20470109867509964,0.025422499339557477,0.9984061575988324,626.4146046481952,12.7
HP502,h,0.08209744204863381,0.08574484277347087,0.9819686586467863,54.45899112057827,5.3
HP502,p,0.2204485740326699,0.014376481201117742,0.9994901163000158,1960.2315514907273,13.8
HP503,h,0.11285846394275177,0.015116468493164054,0.999436286004067,1772.9492139888548,5.6
HP503,p,0.22396993365350693,0.019925177811485593,0.9990207302239882,1020.1690634143569,13.4
HP504,h,0.09174614688502507,0.14167743741092764,0.951285358251935,19.527709208489068,5.6
HP504,p,0.22739480542702128,0.053165392208499106,0.9930419437291554,142.71829733400904,14.7
HP505,h,0.11091289937511284,0.07858885338691748,0.9848380716606667,64.95467130693287,6.1
HP505,p,0.20117973905426254,0.05085159406697573,0.9936331438032058,156.06338718683568,13.5
HP506,h,0.12260365662646579,0.0152945512325523,0.9994229284366427,1731.8873288821355,7
HP506,p,0.2325940425893759,0.026908221408249444,0.9982145360027992,559.0785014807129,13.2
HP507,h,0.09855717004553376,0.010475152473243914,0.9997292794238393,3692.8455664566677,5.5
HP507,p,0.21682513192351333,0.008476413439475613,0.9998227287314426,5640.072059438085,13
HP508,h,0.09590689408920838,0.0039645124885601,0.9999612194717592,25785.136635119812,5.1
HP508,p,0.22739480542702123,0.002712043117577556,0.999981851935812,55101.2957404095,13.5
HP509,h,0.11887203623275562,0.07120100559091079,0.9875433737504499,79.27855857328315,6.8
HP509,p,0.21309351152980321,0.06839591444806806,0.9885018364237884,85.97040995910808,13.3
HP510,h,0.083309866684723,0.02158994453133797,0.9988503217799684,868.8085973764815,8.4
HP510,p,0.156595371061921,0.0391279076104403,0.9962271801011228,264.0537334945614,7.7
HP701,h,0.17203050315829865,0.1482393553213912,0.9467520033073642,17.78004924339811,14.9
HP701,p,0.20812597044861397,0.0025718746858656126,0.9999836793669956,61271.13323961653,7.6
HP702,h,0.15220895608551221,0.1358799451125365,0.9551310966575631,21.287150465168686,14.9
HP702,p,0.24676012825275123,0.041488088849950054,0.9957589664937042,234.79158205552835,7.9
HP703,h,0.16159603788863333,0.12686282150281034,0.9608120872527022,24.51807253549002,15
HP703,p,0.2047010986750996,0.030724507078455927,0.9976725927240815,428.6626595383161,7.5
HP704,h,0.16838420599582615,0.1306082591216572,0.9584970198406094,23.09465527920015,14.1
HP704,p,0.2204485740326699,0.06630902842216171,0.9891902916184422,91.50943362228641,7.9
HP705,h,0.1596368836443623,0.15287936716073944,0.9434317099002879,16.67774840351926,14.8
HP705,p,0.1980150130562263,0.008756079038414263,0.9998108389506264,5285.500594658697,7.6
HP706,h,0.16083306502138112,0.17808889432393066,0.9237648736513311,12.117312817537691,15.9
HP706,p,0.1969420450948024,0.02775743161880797,0.9981001334972684,525.3527719249081,7.5
HP707,h,0.14797126212605205,0.11143559932315109,0.9696717369518286,31.972544402284708,15.2
HP707,p,0.2239699336535069,0.019925177811485596,0.9990207302239882,1020.1690634143567,6.8
HP708,h,0.17212399605719708,0.15304365910603154,0.9433124147016543,16.640546774695306,16.2
HP708,p,0.20924705419645898,0.03479000449989462,0.9970165665517744,334.1842825905017,6.6
HP709,h,0.16856925414213045,0.11829260256195552,0.9658688507004033,28.298749691145506,15.6
HP709,p,0.20924705419645898,0.0892001064657924,0.9804958703452004,50.27119321389055,7.6
HP710,h,0.15659537106192087,0.11146810676284687,0.9696542211708136,31.953512435087088,15.3
HP710,p,0.16445959923824216,0.0619867995754671,0.9905492715825915,104.81194970728102,7.9
LA501,l,0.10411364036688801,0.009698272090429583,0.9997679428863503,4308.283970108262,6.6
LA501,a,0.18329213359917837,0.05706209276006191,0.9919874309757234,123.803917067071,5.9
LA502,l,0.12645011395981,0.03905718510772272,0.9962407891895668,265.013280560006,6.5
LA502,a,0.17328679513998635,0.08129610656297377,0.9837812546499427,60.657050432477696,5.5
LA503,l,0.13200658428116427,0.06973386362399431,0.9880494043237359,82.67783724673815,6.4
LA503,a,0.09664873602918526,0.017935937030518916,0.9992064523974449,1259.163847486936,1.6
LA504,l,0.15049660054074204,0.0555185229259527,0.9924139744129269,130.82133233297213,6.3
LA504,a,0.20527846690713653,0.09785214515351613,0.9765599992482236,41.66211467268041,6.2
LA505,l,0.15401796016157906,0.04590394435172308,0.9948097656750446,191.6695284626878,6.4
LA505,a,0.13122776556233473,0.06567630790385862,0.989394870896366,93.29399587953564,5
LA506,l,0.1320065842811642,0.11371357944784842,0.968432462096767,30.678111959994997,6.4
LA506,a,0.13260899508565788,0.11158965832515233,0.969588682901382,31.88249557745877,5.6
LA507,l,0.15912070947661097,0.0722520089792414,0.9871745050407377,76.96970044246298,6.6
LA507,a,0.06737456259158592,0.11754099665241331,0.9662962724280567,28.670308658453866,1.5
LA508,l,0.16241037301628267,0.11070014163137146,0.9700667096107758,32.407620311597796,5.9
LA508,a,0.15912070947661097,0.032693440653031355,0.9973650086913095,378.5078931387247,3
LA509,l,0.15401796016157906,0.12405494755464533,0.9625058172539978,25.670804022435316,6.3
LA509,a,0.13732653608351378,0.09552373653469026,0.9776539585182621,43.750655314823604,2.7
LA510,l,0.1320065842811642,0.11371357944784842,0.968432462096767,30.678111959994997,6.4
LA510,a,0.1808648728670407,0.09720511841234422,0.9768665536286564,42.227454480744534,4.8
LA701,l,0.15204941554056167,0.07381270897468827,0.9866169509245456,73.72138780646686,10.3
LA701,a,0.14733187454270577,0.024486846515370773,0.9985212618181291,675.2522346821189,8.6
LA702,l,0.16874083961862701,0.08215765069610895,0.9834375938908253,59.37770076450726,13.2
LA702,a,0.1440849387422982,0.12394812639023875,0.9625695427679025,25.71621118062317,2
LA703,l,0.15204941554056167,0.07381270897468827,0.9866169509245456,73.72138780646686,12.8
LA703,a,0.16011673068275808,0.030209569059063537,0.997749894873792,443.42367974391556,3.6
LA704,l,0.12770640594149768,0,1,Inf,13.5
LA704,a,0.15297192895276449,0.155181156251085,0.94174958958086,16.16726101678106,1.8
LA705,l,0.1907570379368812,0.12671723594510956,0.9609007880502737,24.575963047178448,11.8
LA705,a,0.12870242714764485,0.051986628787916926,0.993346387610363,149.29429750934938,1.5
LA706,l,0.13732653608351378,0.09552373653469026,0.9776539585182621,43.750655314823604,13
LA706,a,0.1145363414842694,0.1173786537421157,0.9663882519290494,28.751502298812678,1.8
LA708,l,0.17328679513998638,0.042381230611932594,0.9955746746387998,224.97208529968677,12.2
LA708,a,0.13732653608351378,0.14712878668801913,0.9475326491695385,18.05947192247834,2
LA709,l,0.1540179601615791,0.09713438362091638,0.9768999475666398,42.28994502868895,13.5
LA709,a,0.16241037301628267,0.11070014163137146,0.9700667096107758,32.407620311597796,2.9
LA710,l,0.14869800835922956,0.014980811026775547,0.9994463564546153,1805.2163071096836,12.2
LA710,a,0.19607698973923066,0.0019445404099028938,0.9999906701996798,107182.43005080003,3.3
LH501,l,0.12645011395981007,0.0886639106650668,0.9807281367654257,50.88911875453602,5.4
LH501,h,0.09026683967914974,0.0250239863561541,0.9984557092946224,646.5464732888692,8.7
LH502,l,0.13732653608351372,0.04657661584271038,0.9946568103513609,186.15412810674022,6.3
LH502,h,0.10862973087795118,0.14831950883519365,0.9466954509162742,17.76012492722326,7.9
LH503,l,0.14869800835922958,0.1025174997996103,0.9742913970805818,37.89748513890203,6.9
LH503,h,0.12063511200544838,0.15714817481712146,0.9402938076499506,15.748681512583063,8.5
LH504,l,0.12063511200544838,0.002260243981692213,0.9999873948339141,79331.55247700491,6.2
LH504,h,0.10591223254840046,0.07528056559900233,0.9860818893161095,70.84883226697218,8.1
LH505,l,0.13122776556233473,0.009862099923956792,0.9997600372612927,4166.313664559008,5.8
LH505,h,0.10943359216923748,0.02707919993700231,0.9981917874779631,552.0323387394377,8.9
LH506,l,0.13732653608351375,0.1805907054185558,0.9216660542640167,11.76585764453126,6.4
LH506,h,0.11004484033101147,0.10573464450379763,0.9726676266653899,35.586650846515774,9.7
LH507,l,0.12645011395981,0.03905718510772272,0.9962407891895668,265.013280560006,5.2
LH507,h,0.1145363414842694,0.15614807702106734,0.9410360802985417,15.959523808171593,8.4
LH508,l,0.12645011395981004,0.1341200622833004,0.9562686927256564,21.86691302701305,5.2
LH508,h,0.0942214752970475,0.1404154866879276,0.9521352581949217,19.8922050404522,8.3
LH509,l,0.1486980083592296,0.03444527766719148,0.9970753406323891,340.92016036960695,6.9
LH509,h,0.09855717004553374,0.10766878266041965,0.9716681703428175,34.29599083786965,8.4
LH510,l,0.1320065842811642,0.029575321165753624,0.9978433174025608,462.67509117355775,6.6
LH510,h,0.09048985490333733,0.0907961442060844,0.9797964405429929,48.496228727813275,8.7
LH701,l,0.1520494155405617,0.051226762858163126,0.9935390550891358,153.7761223468227,6.4
LH701,h,0.15473429450020215,0.06398515053527307,0.9899321839910885,98.32640794337625,15.6
LH702,l,0.18329213359917843,0.12261831477580835,0.9633584954194095,26.29145572613077,6.4
LH702,h,0.16555236967522535,0.10799087911156094,0.971500036077806,34.08776371542214,15.6
LH704,l,0.21864998185115736,0.05741876814569159,0.9918872229356807,122.26235419411057,5.5
LH704,h,0.17597507079260688,0.15543842852293885,0.9415601411916689,16.111608761406544,16.9
LH705,l,0.14869800835922958,0.1025174997996103,0.9742913970805818,37.89748513890203,5.6
LH705,h,0.1476416640445141,0.16190880374630262,0.9367010084252172,14.79803998644397,17.1
LH707,l,0.13260899508565782,0.07282093722317214,0.9869726134060561,75.7613667398866,7
LH707,h,0.15730762370125073,0.1414600980392961,0.951432238188961,19.589789661106256,14.5
LH708,l,0.18191090407585533,0.05472385587124971,0.992629054746262,134.66780997225297,6.6
LH708,h,0.15270904767816715,0.07035553193223897,0.9878362505442156,81.21149273380153,16.1
LH709,l,0.19255563011839363,0.03673975147470589,0.996673174768494,299.58687499713574,5.9
LH709,h,0.14497083897767996,0.027431550869840813,0.9981444542082215,537.9249914665497,18.1
LH710,l,0.1486980083592296,0.03444527766719148,0.9970753406323891,340.92016036960695,5.6
LH710,h,0.1361303547064949,0.09950427042971668,0.975768309870777,40.26827285538857,18.1
LP501,l,0.15049660054074204,0.0555185229259527,0.9924139744129269,130.82133233297213,5.1
LP501,p,0.20661537804672994,0.012430333131906723,0.9996188024523338,2622.3117346167637,16.1
LP502,l,0.13260899508565785,0.013586452319634144,0.9995446074135624,2194.9075087780584,6.1
LP502,p,0.1701220691419501,0.02086015072205027,0.9989267047643178,930.7100894092533,10.7
LP503,l,0.13732653608351372,0.13476271263065903,0.9558548954839379,21.652568409621775,4.6
LP503,p,0.21590261851131057,5.902914380617784e-4,0.9999991402491822,1163126.7101320338,13.4
LP504,l,0.1520494155405617,0.051226762858163126,0.9935390550891358,153.7761223468227,4.6
LP504,p,0.1983706320727552,0.0023277201762641232,0.9999866309865361,74798.8349084742,15.3
LP505,l,0.14242928539854563,0.15262546004065397,0.9436158438463533,16.73547869147858,7.5
LP505,p,0.17713325247333056,0.08073061620487045,0.9840048963330481,61.51913215580694,7.9
LP506,l,0.12770640594149765,0.08946457315928825,0.980380807952723,49.970498560300854,4.9
LP506,p,0.19549694229466785,0.052443818954647684,0.9932291102276631,146.6910765975854,15
LP507,l,0.15049660054074196,0.14710363782068575,0.9475502638806608,18.065872852528663,3.3
LP507,p,0.21590261851131057,5.902914380617784e-4,0.9999991402491822,1163126.7101320338,16.5
LP508,l,0.13732653608351378,0.0068981350670970915,0.9998825951211747,8516.53359831992,3.8
LP508,p,0.19549694229466794,0.007764368264120125,0.9998512590770373,6722.099333265047,13.7
LP509,l,0.1440849387422982,0.074155084263819,0.9864930735471965,73.03608833543603,5.1
LP509,p,0.19837063207275527,0.02491531239861701,0.9984690864008398,652.204727261217,15
LP510,l,0.14625890658128182,0.06766584363064468,0.9887450732659999,87.84997864793682,4.9
LP510,p,0.19255563011839363,0.010978457799402534,0.9997026421718849,3361.951654372179,16.2
LP701,l,0.15659537106192106,0.0856251940735209,0.9820186419476734,54.61315208172541,7.4
LP701,p,0.2147064371342917,0.05961402122772496,0.9912568724289721,113.37554717990244,13
LP702,l,0.233975272112699,0.06368758571591213,0.9900252957208854,99.25359870506009,9.2
LP702,p,0.22095773970612434,0.047609645068156375,0.9944176141754805,178.13487735077086,11.3
LP703,l,0.24762518360832297,0.06954189426588155,0.9881148494454693,83.13860602033355,8.2
LP703,p,0.16687513334154253,0.014119758059733624,0.9995081609005754,2032.1852452762919,12.1
LP704,l,0.21534582471763794,0.10038533388938098,0.9753408676260269,39.55292720093692,8
LP704,p,0.21682513192351333,0.07347630244083198,0.9867381203604142,74.40409257033704,12
LP705,l,0.16874083961862701,0.009901236926305457,0.999758129087948,4133.436801498583,8.2
LP705,p,0.19755629694510607,0.01695133235531078,0.9992911655917032,1409.766729570689,12
LP706,l,0.18329213359917843,0.0911744412265091,0.9796288908121769,48.08912866648196,8.2
LP706,p,0.18448831497619725,0.06306977802886207,0.9902172477928812,101.22072263798411,12.6
LP707,l,0.159120709476611,0.01007241035764731,0.9997496945318891,3994.1184748273477,7.7
LP707,p,0.19143454637054863,0.005743680974247058,0.9999186029642547,12284.459671143466,11.6
LP708,l,0.15912070947661097,0.0722520089792414,0.9871745050407377,76.96970044246298,8.4
LP708,p,0.1895434361710111,0.005312821027345389,0.9999303565873601,14357.85982743038,11.5
LP709,l,0.17328679513998635,0.0705173684982577,0.9877804557371964,80.83611258269333,7.8
LP709,p,0.1701220691419501,0.04996811939301601,0.9938520017364392,161.65456773581258,12.7
LP710,l,0.17328679513998635,0.03654440198093933,0.996708420175054,302.8054834402923,8
LP710,p,0.2047010986750996,0.0035345987766038584,0.9999691741161906,32439.270202319083,12.5
PA501,p,0.22978493560786858,0.05214136088404531,0.9933068100102589,148.40559008973918,15.1
PA501,a,0.21864998185115747,0.09346434471291329,0.9786002277372493,45.72946925424233,6.6
PA502,p,0.2186499818511574,0.03797970925175566,0.9964450972163222,280.30164475706204,14.9
PA502,a,0.22907268296853883,0.15923839827248104,0.9387284174477961,15.320779688495737,7.1
PA503,p,0.23713999811073525,0.09818267277937255,0.9764026388345245,41.37761981043317,14.4
PA503,a,0.21309351152980327,0.16859655313751581,0.9314890233636535,13.596201208865548,6.1
PA504,p,0.2204485740326699,0.06630902842216171,0.9891902916184422,91.50943362228641,15
PA504,a,0.1732867951399864,0.09594588136410132,0.9774575167858888,43.36068513401464,6.6
PA505,p,0.23259404258937583,0.005564424173233688,0.999923604258313,13088.734819213465,15.3
PA505,a,0.1880096745970343,0.07985532619932734,0.9843480460824007,62.88978687674157,6
PA506,p,0.2325940425893759,0.026908221408249444,0.9982145360027992,559.0785014807129,15
PA506,a,0.2107998691962787,0.11022037090547662,0.9703230149689825,32.69614531108307,7
PA507,p,0.23802968158184326,0.07417283285633239,0.9864866364494322,73.00082120620459,15.2
PA507,a,0.1925556301183936,0.12769201959293303,0.9603050448813244,24.192118167417306,7.3
PA508,p,0.2325940425893759,0.026908221408249444,0.9982145360027992,559.0785014807129,15.4
PA508,a,0.19694204509480243,0.14259825083319227,0.9506607309740039,19.26783168338218,7.9
PA509,p,0.22978493560786858,0.05214136088404531,0.9933068100102589,148.40559008973918,14.4
PA509,a,0.17838954445501828,0.13558307573189385,0.9553239707784952,21.38336793634844,6.8
PA510,p,0.21787116313232796,0.03075441490554685,0.9976680629596709,427.82804411344466,14.1
PA510,a,0.20117973905426262,0.1859293484069029,0.9171004277853567,11.062788423211684,6.5
PA701,p,0.21787116313232788,0.046036167364392123,0.9947798746297677,190.5662803239322,13.7
PA701,a,0.2011797390542626,0.05085159406697572,0.9936331438032058,156.06338718683574,7.2
PA702,p,0.23713999811073522,0.012502241096507166,0.9996143799014072,2592.2258293825093,13
PA702,a,0.18800967459703433,0.07985532619932746,0.9843480460824007,62.88978687674136,6.7
PA703,p,0.2461800808081885,0.062490264491862964,0.9903956233910793,103.11919906089356,13.3
PA703,a,0.18600963192872916,0.12412038261159249,0.9624667554184034,25.64304701465439,8
PA704,p,0.22396993365350693,0.019925177811485593,0.9990207302239882,1020.1690634143569,13
PA704,a,0.2107998691962787,0.11022037090547662,0.9703230149689825,32.69614531108307,7.4
PA705,p,0.25676546671194334,0.025591813413761995,0.998384868368539,618.144582720775,13.1
PA705,a,0.18997821921805166,0.08868388402519506,0.9807195092684119,50.86589978032338,7.3
PA706,p,0.23713999811073522,0.05798212818201879,0.9917276887094887,119.88519941785034,13.6
PA706,a,0.19694204509480243,0.11702704068343002,0.9665870512916533,28.92851689710944,7.5
PA707,p,0.22396993365350693,0.019925177811485593,0.9990207302239882,1020.1690634143569,13.1
PA707,a,0.18329213359917843,0.15161672094983492,0.9443445940015189,16.967706497860977,6.9
PA708,p,0.21787116313232796,0.03075441490554685,0.9976680629596709,427.82804411344466,12.5
PA708,a,0.23397527211269892,0.1487667467842193,0.9463793818989917,17.649542571781684,7.1
PA709,p,0.22978493560786858,0.05214136088404531,0.9933068100102589,148.40559008973918,13.5
PA709,a,0.2239699336535069,0.19487819673709966,0.9091848434329595,10.011377811828044,7.2
PA710,p,0.23802968158184326,0.03767304237044347,0.9965022067603879,284.89454307221735,13
PA710,a,0.16796684333763684,0.13179868597624356,0.9577479031948158,22.667464471900566,6.7
Av501,a,0.14733187454270585,0.01852541011450265,0.9991534495837978,1180.26455419656,3.4
Av502,a,0.1264501139598101,0.19868707101265207,0.9057172681995199,9.606396112028104,3.2
Av503,b,0.22806866150638086,0.07472970963036508,0.9862838990664601,71.90701671308823,5.3
Av504,b,0.18800967459703435,0.02876314701236448,0.9979600617389511,489.21091426847994,3.2
Av505,a,0.20727850957544164,0.008060596687205462,0.9998396935748476,6237.0531475854195,5.6
Av506,b,0.17938556566116542,0.03628607969831998,0.9967547400155248,307.14172201420826,5.5
Av507,b,0.10943359216923758,0.0845265833455978,0.9824744026104916,56.05939590958785,2.8
Av508,b,0.15659537106192106,0.039127907610440535,0.9962271801011228,264.0537334945584,4.5
Av509,b,0.21864998185115747,0.09346434471291343,0.9786002277372491,45.729469254242225,4
Av701,a,0.18086487286704078,0.14388855162761777,0.9497791208812819,18.912036936591313,6.2
Av702,a,0.16687513334154253,0.11330395171143066,0.9686570802361261,30.905132244654762,5.8
Av703,a,0.12260365662646583,0.08619924408686389,0.9817782119350666,53.87935631983515,2.5
Av704,b,0.16796684333763684,0.16520963678290593,0.9341525101408701,14.186607752844314,6.6
Av705,a,0.13732653608351378,0.09552373653469039,0.9776539585182621,43.75065531482351,7.1
Av706,b,0.1601167306827581,0.13289856978896364,0.9570500732829443,22.282926804224225,3.1
Av707,a,0.12870242714764485,0.05198662878791702,0.993346387610363,149.29429750934887,4
Av708,b,0.1529719289527645,0.04871613732026369,0.9941556318117076,170.10489411040652,5.4
Av709,b,0.1601167306827581,0.03020956905906377,0.997749894873792,443.42367974390874,6.9
Av710,a,0.1529719289527645,0.04871613732026369,0.9941556318117076,170.10489411040652,6.1
Cv501,b,0.06995197349192793,0.33333333333333254,0.7500000000000007,3.0000000000000107,4.1
Cv502,b,0.050683138513520576,0.0369633916675148,0.9966325954251298,295.9646140718275,4.2
Cv503,a,0.12260365662646588,0.015294551232552495,0.9994229284366427,1731.8873288820896,4.1
Cv504,b,0.08664339756999323,0.12910219611600815,0.9594355714028424,23.65214067060888,4.1
Cv505,a,0.08664339756999323,0.12910219611600815,0.9594355714028424,23.65214067060888,4.2
Cv506,a,0.08664339756999323,0.12910219611600815,0.9594355714028424,23.65214067060888,4.3
Cv507,a,0.10591223254840057,0.11664024554052686,0.9668050847016969,29.12509569654248,4.1
Cv508,a,0.10136627702704117,0.16170404008963826,0.9368575576843113,14.837208117487327,4.2
Cv509,a,0.12260365662646588,0.1491522956025979,0.9461062021163056,17.555010766879896,4.1
Cv510,b,0.1373265360835138,0.025734120952892167,0.9983668658222811,611.3195593130737,4.4
Cv701,a,0.1373265360835138,0.2102494825594924,0.8948371949943195,8.5090654908452,5.6
Cv702,a,0.1565953710619211,0.12788256759415076,0.9601880860917995,24.11810917470152,5.8
Cv703,b,0.18329213359917845,0.05706209276006209,0.9919874309757234,123.8039170670701,6.2
Cv704,a,0.11453634148426946,0.04220144186121333,0.9956120861450095,226.89873116188937,5.7
Cv705,a,0.10136627702704117,0.16170404008963826,0.9368575576843113,14.837208117487327,5
Cv706,b,0.18329213359917854,0.020056896293605957,0.9990077444974691,1006.8049428290515,5.5
Cv707,b,0.10136627702704117,0.16170404008963826,0.9368575576843113,14.837208117487327,5.2
Cv708,b,0.18329213359917845,0.05706209276006209,0.9919874309757234,123.8039170670701,5.7
Cv709,a,0.14733187454270585,0.11345496679826136,0.9685743618692595,30.821151756399985,5.3
Cv710,b,0.16241037301628275,0.07814405745662611,0.9850083520232906,65.70380745022665,6
Hv501,a,0.10262256900872883,0.07308756406279528,0.9868774619734672,75.20477059986966,4.3
Hv502,b,0.11728370482411629,0.08275803765808402,0.9831960118299504,58.50968245635549,4
Hv503,b,0.12117506964851293,0.08527882527645922,0.9821629537011476,55.063093813034634,5.1
Hv504,b,0.10591223254840047,0.07528056559900244,0.9860818893161095,70.84883226697195,3.1
Hv505,b,0.11172723450276206,0.15251885173020308,0.9436930722729534,16.7598039951247,4.3
Hv506,b,0.09981346202722147,0.15875232898985475,0.9390941304431715,15.41877880204873,3.6
Hv507,b,0.1277064059414977,0.08946457315928852,0.9803808079527228,49.97049856030054,4.6
Hv509,a,0.09136093856784909,0.014124602910595845,0.9995078233728625,2030.7909158266766,4.6
Hv510,a,0.08664339756999317,0.06225714738594152,0.990466918963835,103.89788099003582,5.5
Hv701,b,0.2518628775677831,0.18269424901774342,0.9198811859226782,11.481462831375794,11.1
Hv702,b,0.2599301927099795,0.20083237101900514,0.9037385944351242,9.388379373143936,10.7
Hv703,a,0.26602896323115854,0.21296235518457066,0.8922084245954566,8.27716286033472,10
Hv704,b,0.2511029968082353,0.19458206484327806,0.9094519917756779,10.043865233596504,10.2
Hv705,a,0.2760343016903506,0.1581471748901457,0.9395480105100076,15.542052766775281,11.2
Hv706,a,0.24905377058627587,0.20621186015485712,0.8986964830179457,8.87132559452155,10.8
Hv707,a,0.22544924085938225,0.15614306716452062,0.9410397876612288,15.960590207074553,10.8
Hv708,a,0.28067833489426214,0.21095534681174713,0.8941559659720199,8.447863634294658,10.6
Hv709,a,0.22978493560786858,0.15409294015828667,0.9425477293667235,16.40575244420012,10.2
Hv710,b,0.21309351152980316,0.18260521617287837,0.919957102967184,11.493300930749928,11
Lv501,b,0.17328679513998638,0.08129610656297392,0.9837812546499426,60.65705043247747,5.1
Lv502,a,0.21864998185115747,0.15574076449127744,0.9413371404499438,16.046560765533645,4.4
Lv503,b,0.19075703793688123,0.05403279541092252,0.9928135975189443,138.15168300635978,5
Lv504,a,0.22396993365350695,0.047389205257341374,0.9944690937717797,179.80219745865708,4.6
Lv505,a,0.2699355311691716,0.19585922898753955,0.9082972998110442,9.904804307173874,5.2
Lv506,a,0.16687513334154253,0.11330395171143066,0.9686570802361261,30.905132244654762,4.1
Lv507,b,0.24323876863191432,0.12176959056976347,0.9638578008355856,26.668487892806482,5.1
Lv508,a,0.20117973905426265,0.050851594066975966,0.9936331438032058,156.0633871868342,4.6
Lv509,a,0.1601167306827581,0.03020956905906377,0.997749894873792,443.42367974390874,5
Lv510,b,0.2011797390542626,0.1322968406575317,0.9574325216642687,22.492112737169094,5.5
Lv701,a,0.23713999811073536,0.057982128182018984,0.9917276887094886,119.88519941784953,7.8
Lv702,b,0.21309351152980327,0.017866320559231652,0.9992125989729762,1269.000883513947,8.9
Lv703,a,0.2546102409076301,0.10051156168689551,0.9752793306957871,39.45197917960809,7.8
Lv704,b,0.27465307216702756,0.0668893112434963,0.9890009679283909,89.91709102123724,8.9
Lv706,a,0.23072833631229145,0.11080015658285956,0.9700131446246556,32.34794487394684,8.4
Lv707,a,0.18329213359917845,0.0200568962936061,0.9990077444974691,1006.8049428290379,8
Lv708,a,0.21309351152980327,0.06839591444806781,0.9885018364237886,85.97040995910871,7.8
Lv709,b,0.2011797390542626,0.007427090625200868,0.9998639001968634,7346.549202529799,8
Lv710,b,0.19476807725581877,0.10863598803185219,0.9711618377722133,33.67627347752631,8.3
Pv501,a,0.2599301927099796,0.020811375227013727,0.9989317162981153,935.0809289103156,9.7
Pv503,b,0.25993019270997963,0.043565726182611605,0.9953242463560233,212.8692660354763,9.1
Pv504,b,0.2501850000262656,0.010605874360516063,0.9997224811219146,3602.3584702394646,9.4
Pv505,a,0.208125970448614,0.02418239948698606,0.9985577862081707,692.3784752755558,10.4
Pv506,b,0.22907268296853883,1.0908676349905514e-16,1,3405776403973782e16,7.1
Pv507,a,0.24676012825275132,0.041488088849950255,0.9957589664937042,234.79158205552616,10.5
Pv508,a,0.22739480542702128,0.0027120431175777764,0.999981851935812,55101.29574040057,9.2
Pv509,b,0.25186287756778325,0.0015138399941440979,0.9999943454391126,176847.3919312082,8.7
Pv510,a,0.24323876863191424,0.08673081627491208,0.9815541756529644,53.212811592814944,10.3
Pv701,b,0.28782313662425585,0.01681437353979919,0.9993025707662043,1432.8372289867905,8.2
Pv702,a,0.25676546671194334,0.025591813413762196,0.998384868368539,618.1445827207655,9.7
Pv703,a,0.25351853091153576,0.030617349394296542,0.997688786486068,431.6731364160017,11.4
Pv704,a,0.22163341702698783,0.10211963384256269,0.9744888465871746,38.19854127400062,12.3
Pv705,a,0.2599301927099796,0.0035709008957542803,0.9999685376763792,31783.047867913672,10.6
Pv706,a,0.2599301927099796,0.039879895255052526,0.9960809607241056,254.16457723475838,11.5
Pv707,b,0.19607698973923068,0.042656995339848416,0.9955169846626971,222.06414873914395,6.7
Pv708,b,0.3106133312235002,0.042489018470715234,0.99555216969734,223.82872141096885,10.2
Pv709,b,0.2599301927099796,0.00993986815131803,0.9997562381652251,4101.364920758249,9.6
Pv710,b,0.26750827043703396,0.020064598392011013,0.9990069825265615,1006.0316250703928,9.7
Cs501,NA,0.10136627702704118,1.2325991603902378e-16,1,26675742148014713e15,4.5
Cs502,NA,0.12645011395981012,0.03905718510772301,0.9962407891895666,265.01328056000193,4.7
Cs503,NA,0.12260365662646593,0.015294551232552495,0.9994229284366427,1731.8873288820896,4.2
Cs504,NA,0.06995197349192787,0.07409724023588071,0.9865140420462809,73.15120256431058,4.1
Cs505,NA,0.1373265360835138,0.0068981350670973655,0.9998825951211747,8516.533598319249,4.7
Cs506,NA,0.09855717004553388,0.05372039414148167,0.9928962597339634,139.7709125826406,5
Cs507,NA,0.11453634148426947,0.08096646593788062,0.9839118074841264,61.15738648162895,4.8
Cs508,NA,0.1373265360835138,0.09552373653469047,0.9776539585182621,43.750655314823405,5
Cs509,NA,0.1565953710619211,0.039127907610440625,0.9962271801011225,264.0537334945572,5.7
Cs510,NA,0.10591223254840061,0.07528056559900285,0.9860818893161093,70.84883226697107,4.2
Cs701,NA,0.1373265360835138,0.03798082518375502,0.9964448885585793,280.2851345105453,7.8
Cs702,NA,0.15659537106192112,0.039127907610440535,0.9962271801011228,264.0537334945584,8.2
Cs703,NA,0.16011673068275817,0.08443056316631463,0.9825139637234221,56.188489385640786,8.2
Cs704,NA,0.1373265360835138,0.025734120952892625,0.9983668658222808,611.3195593130521,7.7
Cs705,NA,0.16687513334154258,0.1554267898448211,0.9415687178319541,16.114120431655817,8.5
Cs706,NA,0.16687513334154258,0.11330395171143068,0.9686570802361261,30.905132244654762,8.7
Cs707,NA,0.16796684333763692,0.0552901843980374,0.9924760895863894,131.90961016641367,7.8
Cs708,NA,0.16011673068275817,0.03020956905906377,0.997749894873792,443.42367974390874,7.7
Cs709,NA,0.1373265360835138,0.025734120952892625,0.9983668658222808,611.3195593130521,7.9
Cs710,NA,0.1453938512257102,0.07022652814644925,0.9878806355924883,81.51257791870611,8.1
Ls501,NA,0.2186499818511575,0.05741876814569192,0.9918872229356804,122.2623541941091,8.4
Ls502,NA,0.19075703793688123,0.05403279541092252,0.9928135975189443,138.15168300635978,8.7
Ls503,NA,0.223969933653507,0.08270661939265947,0.9832167686895884,58.58328175931463,8.4
Ls504,NA,0.22907268296853886,0.10429913519570981,0.9733981382788329,36.59135396167778,7.7
Ls505,NA,0.23869281311055487,0.11349810871714151,0.9685507115556434,30.797221796267568,9
Ls506,NA,0.233975272112699,0.0946325195892461,0.9780659198087059,44.59115273030293,8.8
Ls507,NA,0.22396993365350695,0.05473411930681281,0.9926262964682403,134.61706077452706,9.4
Ls508,NA,0.23869281311055499,0.014810943827168,0.9994588385310337,1846.8773108335045,8.8
Ls509,NA,0.21079986919627866,0.11022037090547679,0.9703230149689825,32.69614531108301,9.6
Ls510,NA,0.24323876863191424,0.15312403825582557,0.943254006997237,16.622389654037914,9.8
Ls701,NA,0.19607698973923068,0.042656995339848416,0.9955169846626971,222.06414873914395,12
Ls702,NA,0.21864998185115747,0.09346434471291343,0.9786002277372491,45.729469254242225,13.8
Ls703,NA,0.22907268296853883,0.07281561841107023,0.986974508061053,75.77253225346077,12.5
Ls704,NA,0.2599301927099796,0.14808361349291924,0.9468618061100507,17.818855644040667,14.8
Ls705,NA,0.19607698973923068,0.113735341069992,0.9684205074724325,30.666120002626595,11.7
Ls706,NA,0.233975272112699,0.172529370585114,0.9283349617197769,12.953805425873394,12.6
Ls707,NA,0.21864998185115747,0.09346434471291343,0.9786002277372491,45.729469254242225,15.8
Ls708,NA,0.2072785095754416,0.08046655726020248,0.9841088039403092,61.92792538986883,13.6
Ls709,NA,0.2386928131105549,0.055234611027757834,0.9924911689261509,132.17652110761685,14.4
Hs501,NA,0.15049660054074207,0.11859796981098131,0.9656944529090812,28.149804763344395,6.3
Hs502,NA,0.10752515815288896,0.14099175832031313,0.9517480309768911,19.724542857952137,5.4
Hs503,NA,0.1277064059414977,0.08946457315928852,0.9803808079527228,49.97049856030054,5.2
Hs504,NA,0.10333482164805856,0.11061117230331682,0.9701143198921359,32.46084132570431,3.8
Hs505,NA,0.15953668323819523,0.09871894560731799,0.976146232743375,40.922099316294315,13
Hs506,NA,0.11805770110510648,0.11306187991645322,0.9687894547500899,31.040452737777194,5
Hs507,NA,0.10862973087795119,0.11383325842599813,0.9683666900378263,30.612246748625896,6.1
Hs508,NA,0.13732653608351375,0.057841524828474544,0.9917676495069399,120.47199039241544,5.5
Hs509,NA,0.13732653608351372,0.07160921713327995,0.9874007355864238,78.36971295899303,8
Hs510,NA,0.12870242714764482,0.05198662878791684,0.993346387610363,149.29429750935006,14.8
Hs701,NA,0.26402892056285343,0.06488182058409747,0.9896490161456291,95.60917397506404,18.2
Hs702,NA,0.2814114748258119,0.07881975319980301,0.984749303426866,64.5707754202922,17.9
Hs703,NA,0.2949100545838239,0.11127250122453099,0.9697595441370237,32.068284569886636,18.1
Hs704,NA,0.27781779816506375,0.05737050668090811,0.9919008181393897,122.46926111925288,16.4
Hs705,NA,0.29192186447712964,0.0812168487119525,0.9838126917828334,60.776793682071485,17.4
Hs706,NA,0.26959165199768537,0.04516188299785924,0.9949759357433953,198.04204025363754,17.9
Hs707,NA,0.2829205474800956,0.0883097658640157,0.9808807953430797,51.30343091902855,18.7
Hs708,NA,0.24434988705906996,0.10265183619874155,0.974224562414081,37.79662553415944,16.8
Hs710,NA,0.27089339026236775,0.06670027892202819,0.9890628203172493,90.43124909771156,18.8
Ps501,NA,0.2774004355068744,0.017733396822558426,0.9992242687478111,1288.106242888027,13.5
Ps502,NA,0.2660289632311586,0.034174459547887746,0.99712110476464,346.3554673742483,13.8
Ps503,NA,0.28008871115949496,0.007132738837459453,0.9998744738447419,7965.467211110961,18.8
Ps504,NA,0.26897027540743285,0.015801105168279626,0.9993840783112128,1622.5830272012192,16
Ps505,NA,0.29973690909979644,0.03760461422809443,0.9965148870176629,285.9347435988716,18.4
Ps506,NA,0.27184396518552023,0.02559948875490293,0.9983838999446443,617.7735695484776,14.9
Ps507,NA,0.315716080538532,0.05344262192503515,0.9929693602673961,141.2345672702591,16.5
Ps508,NA,0.26301676928377604,0.016257608077853515,0.9993479834161406,1532.7033209810904,15.1
Ps701,NA,0.2746530721670275,0.060812003100841075,0.9909030242905937,108.92664286945408,14.4
Ps702,NA,0.26750827043703396,0.020064598392011013,0.9990069825265615,1006.0316250703928,15.9
Ps703,NA,0.2746530721670275,0.0514603972229594,0.99348011541416,152.37694813982165,11.8
Ps704,NA,0.2501850000262656,0.01660781175641516,0.9993195972529807,1468.7177581673093,13.6
Ps705,NA,0.2432387686319143,0.03678635165072532,0.9966647394220871,298.82664821522644,13.6
Ps706,NA,0.2637766500433238,0.048264640975252494,0.9942632531956161,173.31482233725927,15.4
Ps707,NA,0.24676012825275132,0.04148808884994984,0.9957589664937042,234.79158205553074,17.9
Ps708,NA,0.2846584106262196,0.012917178329160109,0.9995883619947691,2428.3189338505217,20.5
Ps709,NA,0.27807794394054186,0.02191381212144564,0.998815584490646,843.298299120878,16.1
Ps710,NA,0.25676546671194334,9.152648438529295e-4,0.9999979330355037,483800.2466211229,13.3
As501,NA,0.16241037301628275,0.02460228878177954,0.9985072930045574,668.9238384043836,3.3
As502,NA,0.13732653608351378,0.09552373653469012,0.9776539585182623,43.75065531482376,4.8
As503,NA,0.12645011395981007,0.07259489703464944,0.9870530130187402,76.23804785217175,4.7
As506,NA,0.20117973905426267,0.1108170114775745,0.970004113083299,32.33790405254601,4.3
As507,NA,0.1565953710619211,0.039127907610440056,0.9962271801011228,264.0537334945648,5.2
As508,NA,0.13732653608351378,0.025734120952892625,0.9983668658222808,611.3195593130521,4.5
As510,NA,0.1907570379368813,0.03363052240129964,0.9972119346181884,357.6716461255283,8.4
As701,NA,0.25596160542065705,0.026824456257088493,0.9982256284110811,562.5798083361515,13.9
As702,NA,0.2599301927099796,0.04901766193118782,0.9940832048931373,168.01041559477423,15.1
As703,NA,0.2432387686319142,0.04738175991936287,0.9944708283513135,179.8589176712514,10.5
As704,NA,0.25596160542065705,0.055434495188076346,0.9924368620358714,131.22025100466755,14.8
As705,NA,0.24676012825275132,0.041488088849950255,0.9957589664937042,234.79158205552616,14.9
As706,NA,0.2599301927099796,0.074964317348962,0.986198041797998,71.45348706062204,9.9
As708,NA,0.2637766500433238,0.0685881433557243,0.9884373642982482,85.48547146119056,14.1
As709,NA,0.22396993365350695,0.034817484576080034,0.997011856258229,333.65592234439526,12.5
